,DBX,FTCH,DOCU,COUP,VMW,PLTR,WDAY,DOCN,SQ,BIGC,SPOT,INTU,GDDY,EBAY,BMBL,CHWY,ADBE,NOW,CDAY,SPLK,ABNB,ANGI,ETSY,AMZN,ASAN,TDOC,TWLO,LYFT,PLAN,PANW,XM,CARG,ZS,SNOW,SE,NUAN,NET,CRWD,FSLY,DASH,U,TEAM,RNG,UBER,AKAM,CERN,ZM,DDOG,CRM,BOX,MQ,BILL,NTNX,PD
DBX,1,0.04315246720043603,0.2640744692089445,0.24895755314027787,0.23399367901656914,0.06816032899818136,0.13659637861627746,0.1762009751200367,0.3191211849890678,0.09617840333204375,0.0962384562905111,0.09462804319119694,0.03676191688962868,0.34353703057995777,0.05563662758361286,0.06800919018652732,0.3278309762181866,0.5005109033807827,0.4270735943033688,0.11415908347220806,0.21967457222332368,0.22507543190783802,0.09388192091782167,0.2710554208504027,0.10415654451638726,0.09846473295805684,0.06978035684763621,0.1253787382783117,0.04702255481441698,0.04099652513187996,0.10026337805881409,0.2462942247269219,0.35866819930381194,0.1550353429207483,0.15741376920152647,1.3046625027900094,0.17851406809770043,0.15964043478500237,0.02964166617039663,0.01369605294920902,0.2068306931790167,0.02457350093741973,0.008632743865777651,0.13145968149358764,0.2268915697391518,-0.044473777763460134,0.03307562118021216,0.07544032869560792,0.3026009428863074,0.3254776926693667,0.0520538181615379,0.07785904294078339,0.31702107377147537,0.1384507389912216
FTCH,0.9114525938345506,1,0.5245727467535529,0.5341989198171511,0.13594949650311275,0.14429578711727542,1.0617592511015095,0.31029446585553216,0.6964640454321849,0.16841216424363728,0.1824744252698148,-1.043475324324225,0.11817479984758848,0.7380332156454196,0.05160556673616276,0.3026918590741457,0.3480904749394355,0.9365266660513738,0.7636211903488539,0.24022802070229174,0.8344570510166537,0.44357299520457966,0.26022466827358637,0.5308164495578868,0.186792607087121,0.18540978025092872,0.1517084586414971,0.1330648240941422,0.22974156235904158,-0.11306223642707365,0.022068687418894145,0.34221968419711,0.4677123010167871,0.21980985950624224,0.41342373722327186,7.047800300680328,0.2733152092810482,0.22687282965684868,0.13402276401251073,0.058969916876451346,0.3643355390660698,-0.0126085144666985,0.04288244233453153,0.4170672041947367,0.3744293681956611,-0.14228450389274086,-0.12150380548562612,-0.10656016997021359,0.6187620298281059,0.45877232086401293,0.1715086345257602,0.0959268377392781,0.5027693644976854,0.19016916964456013
DOCU,0.3405799798817659,0.04572411477294533,1,0.4244712636486332,0.158439949032107,0.07868079787012908,0.19331475150918984,0.19877448776710288,0.38038307699171053,0.07542499047980541,0.15006462736495427,0.19848978331777545,0.035455064217930876,0.5384292599613435,0.04572880522779399,0.2490983090373529,0.6196346578057532,0.6092187149343622,0.3792369033149041,0.1715188917418125,0.09881987936582495,0.2729948567821066,0.1803451691171768,0.3437527168308757,0.10321522664343305,0.21684656852661008,0.16880172843605512,0.06486327039440218,0.08730601743414032,0.22305557017606636,0.15079194027714707,0.12183114101906566,0.551407825293725,0.24973246264018817,0.21166738943899494,0.9442954786818163,0.17838986958089856,0.3447559622258356,0.07220936548529483,0.053417407449264216,0.19534890124535803,0.009212346954877583,-0.0007049951198627526,0.07714984743203653,0.268413130162971,0.16289685666645892,0.24299526840534713,0.059121591978864324,0.4059117859222722,0.2110012143209734,0.10730121662063635,0.03796375546862068,0.24625629252760378,0.17512241173030807
COUP,0.41747955715013063,0.0409005006573317,0.4672405665259117,1,0.1359334701681168,0.13279762103307577,0.23124788650741998,0.19173816187258622,0.4232730349262283,0.14882321700631018,0.0901139038158973,0.07725892018487028,0.056838054014508164,0.7082974081575476,0.0391485931943158,0.14865637272980148,0.4813406637781529,0.5700268310225203,0.4405897936446387,0.22138994967034223,0.29199366274201827,0.33842218862410595,0.16422625886815845,0.32465504622408287,0.12662933537779567,0.19906043491434508,0.2510069648411891,0.1395645560968166,0.2620093823932588,0.07913604374980739,0.11935037722772868,0.16884133805036955,0.4504457002888106,0.2379949196225864,0.2244561940458498,0.9063666817185743,0.24788098585448895,0.11757368692700768,0.06701178889918849,0.015796091378752472,0.2633213435921898,0.03165650467121057,0.021101691214644648,0.18729185159151981,0.2864039088516355,0.07068433669429955,0.07010414105886936,0.06826868299148141,0.3701811995656246,0.23149364009425596,0.08755663426249628,0.08313160131183965,0.31234480158823863,0.164396240653438
VMW,0.37213604406451084,0.025881801849375156,0.2793582535689975,0.17159188801521197,1,0.040771683282515014,-0.2710525885644536,0.13842597171102822,0.24281292379560127,0.12361800314327226,0.11077787383746457,0.08495511125277386,0.09600226738303212,0.2652722962354679,0.03597656360415326,0.06567192766576521,0.382021250878925,0.49172124177137677,0.17234538794964657,0.17636135282205279,0.16287491074927657,0.2179286189008498,0.044366664318984006,0.16475396247896354,0.05325793749387709,0.10315766553955753,0.07856257679250762,0.08304929084006102,-0.048118251692184984,0.06849955884744342,0.13912627150584386,0.12535621300868502,0.293543155742187,0.17358217166470294,0.16588997690257104,0.575214912525296,0.16931744755265618,0.19465878457334576,0.02974445632275939,0.0179462770596764,0.1766855217188546,0.013661452668065874,0.005081782000835443,0.12881762725979906,0.27115400463997874,0.19411721778899524,0.04233851819157368,0.08806959330985902,0.32288580005914835,0.22019526189074426,0.04575551979193308,-0.09449762294966225,0.23244293203987124,0.09937667192601987
PLTR,0.5330973216110134,0.03519552744065952,0.42876830722304793,0.4138555636835273,0.18156777565309556,1,0.130634389495374,0.21841560807523835,0.4482074665315602,0.10410682220636033,0.1607307099455605,0.059830812835010946,0.0480643960082008,0.3873488314239291,0.038225643833283605,0.18152106404728152,0.33545356692830985,0.5524605091062477,0.4568135812387531,0.14920836436296042,0.2807204590248669,0.3238345895785621,0.1563084639853982,0.39161809772811823,0.1438870578755056,0.09877445976496817,0.08266600324080706,0.10496350013666207,0.10905975924169685,0.11903259986098333,0.21185903783539708,0.19235326680307885,0.4767622156832744,0.29716955564512204,0.3233377083461142,-0.0380037238168261,0.24390674600197126,0.16528206846895627,0.07080256213457863,-0.04833100700292816,0.2886230987547587,-0.013227762968836675,-0.05119308329463408,0.13494690777375506,0.2942605858050188,-0.1834371063512144,0.042032933895286374,0.040939814616145175,0.46983992686141407,0.25714802424238387,0.03590446389619449,0.029341112948574024,0.3434345436307715,0.186027045165808
WDAY,0.3035038819400692,0.12506189916208812,0.3266192090495325,0.28288986859924337,-0.42247493048124063,0.039230610530800916,1,0.1226723920714544,0.24145796744673056,0.10318635863490386,0.04755478188867432,-0.16150155749251785,0.04529426566339856,0.32971460204631486,0.055419276462102096,0.11876800323473222,0.34266750078239605,0.6454079551700754,0.28803433213991175,0.19569614300295296,0.2626400172648101,0.22485381976021987,0.08808673853133082,0.22668610712898835,0.07729330788459884,0.08559289437742075,0.09094304045066257,0.061366647504808046,0.169277475051943,0.08345669522475288,0.08915987722060022,0.10008765785151963,0.30535080132940773,0.18312112548100004,0.13848398199125828,2.5205559977949656,0.17078140736341296,0.17967981299102878,0.04312540279904919,0.018242698682074985,0.1293269088929162,0.030007519475600524,0.004064786024976323,0.14786330288690425,0.21712025052533462,0.12897349047448753,0.03926793306565194,0.024693541092706838,0.3457654005033556,0.1847026449369071,0.04922909510756557,0.23667590716194242,0.18772931233737125,0.1172192284149259
DOCN,1.2365275709250176,0.12282529818162527,0.9646187107323835,0.5203681653511524,0.48339597243005683,0.20101591131463528,0.26401133780905356,1,0.844584105887241,0.2578108377544645,0.2526355631828419,0.29320491151356554,0.014154181288108891,0.865235028574774,0.038558601816584034,0.33265253927030275,0.7934995800823373,1.4399323256017291,1.2606191899999735,0.4168407696217521,0.5646782025345367,0.656282082300436,0.37600453874860207,0.5583667277135222,0.3207839636019282,0.2657942514700638,0.174580748809806,0.2563976211422225,0.17211192848572635,0.24793232799968717,0.3092113445930715,0.52897592893236,0.8686745118322475,0.5468598974778403,0.5244134816112888,0.6813163838299139,0.5309203825777635,0.5099006299773419,0.11574864591783812,0.03863579981335006,0.37205270983221683,0.03605458827685101,-0.020862684162554615,0.39060633814367945,0.8400096124455854,-0.12941703317007053,0.17260561163381224,0.14763300804593776,0.9199607896237753,0.578236277214556,0.21093680185043254,0.1439483356960527,0.5983996067812694,0.34530778004426854
SQ,0.7427094340750554,0.11361678364821462,0.6291637265652378,0.5258445621728994,0.3851053113202757,0.18036253359032098,0.24593891495435038,0.3237404786741661,1,0.20028293566425484,0.17524157728200457,0.09466791590658605,0.06672919658660523,0.6574421351289328,0.11274155008382294,0.2115362135325231,0.5458860701524151,1.095540995625975,0.7093102444878879,0.2546201941168498,0.4469105609456016,0.5995912563252294,0.2304665995611613,0.6058465416769707,0.24471352832532178,0.17431074670620111,0.10394695011370732,0.1710440552091123,0.15306849333091227,0.16761323816381116,0.256289387577744,0.35102576524435436,0.650917140173996,0.36671498095008775,0.376560372317564,1.4963360681528186,0.3511524643730667,0.33835436861140733,0.09184647232457203,0.08293329462374706,0.3725746507601615,-0.020257932404539297,0.030211632192058645,0.2154085574245546,0.5006999233507108,-0.15958549165849834,0.07958026557909108,0.0949497046348919,0.6442779901035632,0.4151940080901206,0.15068872606443842,0.07169377794744008,0.5851505003676949,0.2787216130573151
BIGC,0.4298583122531284,0.1318188619478851,0.7309288835348436,0.6067097633047515,0.4721825876590109,0.22111434119434367,0.3509321749248988,0.3119772797273541,0.6623801916232385,1,0.258385425333039,0.08627165860557467,0.09979852282227746,0.8081366436390276,0.14176117946135036,0.191175497367175,0.5117383663451139,0.8890104148822138,0.7241381135806431,0.16796571213109876,0.8587455389438974,0.5266673427536998,0.032133406513433535,0.521809031475805,0.17872748781924716,0.21278452961921607,0.23142784981722736,0.413802965245944,0.19754833295929153,0.24274843968763563,0.0931569004841168,0.26601468800996214,0.6078724888155392,0.4197512067941126,0.41187955208889443,2.2955456260797473,1.0114478489216197,0.2859301035438315,-0.0719058336574012,0.0869571507467949,0.36216946692176405,-0.017733074461265718,0.028692916770906948,0.5827046115058432,0.46348360762865537,0.016831617432359648,-0.054409779245625275,0.5266700044345082,0.7348749935235397,0.501460612408991,0.16116635570914806,0.5057006998185692,0.5695329418152366,0.25461033705027397
SPOT,0.4271221177311449,0.09896196505242219,0.45198492282672537,0.35041214469440185,0.15146807763896927,0.17776029363852247,0.17686400046611817,0.21050461737824827,0.4020676855190733,0.13434962970381237,1,0.09909241903955955,-0.021061938256142252,0.36530400155578724,0.02378947204714936,-0.10167333404739293,0.36255551501166183,0.6224405428931216,0.44061069316369345,0.16055209080961622,0.23221459643564532,0.27048367909148474,0.049324776361134644,0.2264368352768586,0.21404846641604433,0.5313518554222466,0.09305665512848246,0.08044422003496232,0.14642059795300794,0.1475810720927318,0.23194783479583422,0.18065737427126766,0.5107551124402809,0.17447850769878737,0.2708762817940018,1.1182047563652668,0.2234933895734354,0.1980930067791119,0.012370095939299159,-0.05823405766466465,0.19238131920391302,0.049177555491414136,0.018691892918552493,0.08898526144700908,0.13553933188451683,0.05392114058734883,0.08606615321057436,0.08611418906991682,0.44871278719213675,0.4057273712623217,0.1298758917380593,0.05777941084593271,0.47523723780303184,0.11470648316721953
INTU,0.3013281963653803,-0.2857912618975232,0.364991289715171,0.20388146496386858,0.1335419078702703,0.05657826385668356,-0.36432087516087436,0.16309318059477088,0.26007309636809994,0.08891670119277224,0.07688494672822223,1,0.009365993186789658,0.2809382795509495,0.027685271658957525,0.1089657886347587,0.3552540818416981,0.5483279155709728,0.33739960272299513,0.11752194750663333,-0.22327589144581764,0.26411857857407517,0.08025901056596654,0.19711514635633115,0.0774204677462425,0.08779433667829871,0.06885322002582431,0.07831453961269197,0.07418235165971002,0.28176437861894116,0.2444183187497502,0.019213568253569506,0.33349111301696865,0.09937227523322983,0.13338223052391585,-3.14992556757248,0.19676685410123035,0.14604951405749197,0.023095326607928672,0.03156458510372467,0.13156260188353075,0.030500134631322517,0.004245372131555158,-0.06406278411538036,0.18670323369881386,0.03099777344373246,0.140106183776739,0.145348613955293,0.19006317113277046,0.3004739589700096,0.04995209159058349,0.0354377668135525,0.20222430203708505,0.1068290806593537
GDDY,0.3336750583249721,0.052661618595209486,0.35812728713243447,0.27135985521222816,0.8265167817048081,0.08315175585890817,0.10620780220222534,0.1950038136243913,0.3250138548953618,0.11678392056261637,0.11424400893731944,0.0969612446950621,1,0.3468483551561983,0.04378904177470168,0.1195734213207655,0.44061568478769175,0.6060520293058679,-0.3468780339372503,0.12453970958466615,0.19823068678056244,0.6059305064913221,0.5878286497959632,0.2512458262680691,-0.08813419603648057,0.09714102543695446,0.07849336453209962,0.09862072522723443,0.10744663037443374,0.11108921457409605,0.14723876543850767,0.1386692768158452,0.3164592339784502,0.22036686385277052,0.21399504720720916,1.0436994080881261,0.184160934919751,0.16643065058222076,0.5919825556836883,0.037454258766316695,0.17030470746985388,0.017657818554023055,0.019726526402148455,0.2849754720713758,0.2816560558446013,0.004618391520979467,0.05016443810509895,-0.18366720094933087,0.30449407618619,0.30756501774228917,0.07448659548418599,0.039001813591745885,0.2364114436250051,0.13128028168947534
EBAY,0.4446418575409263,0.038141377888410835,0.35688443876785647,0.4750227822307914,0.2377822256113797,0.04309444447228869,0.10226027697224176,0.17662466203911403,0.3935029382835896,0.11021206000008495,0.08390300012150602,0.08871162225008553,0.05045877526379176,1,0.027332590671236886,0.13666607848201437,0.34197387891372666,0.5837291869038203,0.37825676647378664,0.08519260606984819,0.21006437299104525,0.24215590361697964,0.18216808541441598,0.35068621277914874,0.08600915395253639,0.22386669326502853,0.3016913913586553,0.0763053799589629,0.08444784900552549,0.10478868588059996,0.12614014811900637,0.18418296708086992,0.3624904304288989,0.21327946037760745,0.22664175671752027,0.7184423564363144,0.19786158738856988,0.15099733453849776,0.05195545034815924,0.050134036518511914,0.16104560222124045,-0.031534032582790646,0.016282511965434853,0.1224607974284512,0.19434812239432192,-0.16686327286668282,0.05036508458387149,0.05019403215002415,0.3027696267313646,0.15948133946142848,0.08584742810346538,0.02806943207735676,0.24598613026843982,0.10259252073163486
BMBL,0.8341265310807788,0.10238012055733384,0.41970455569983167,0.41853068287295697,0.2820560475450832,0.023808982243067375,0.22450874263832185,0.20377044262791966,0.5773024367071916,0.19950289094230314,0.09116805676025307,0.07996913311261708,0.0438467940570327,0.6258125649033973,1,0.19791318160001448,0.35773237876297304,0.5870497910295918,0.6426679968700809,0.15757962892379915,0.4334568914647953,0.3574367397682346,0.17211142471926408,0.3870069183049436,0.09716156424352179,0.1274971588714529,0.1514063748076224,0.15661634455328713,0.10829065625409866,0.07437967156164313,0.2612060632620954,0.22887832415563533,0.37530262754151283,0.2570246013624337,0.3393698108588331,2.634471172400313,0.04062812127927131,0.1782130717399789,0.06270077928827064,0.014212730358340118,0.3375017241017092,0.007140773345704769,-0.05816106312918724,0.2234212590051923,0.3062744097710348,-0.0467695092233752,0.009055932611761224,0.06552875010402327,0.441155900263235,0.5182266099530596,-0.26872679332042126,0.062161899673325506,0.5023198749549938,0.24042088593883895
CHWY,0.29544632209964483,0.035602404225521515,0.4579484014946489,0.24616526070639974,0.09148126505437569,0.11202779975905028,0.09145869041097503,0.15717601046271307,0.3640403093142888,0.011273276124522336,-0.042840420970675905,0.13288155583666467,0.035557121827708864,0.33658797221721304,-0.007659974600699879,1,0.40523981812706816,0.5772536290229118,0.4047321720681786,0.10750571829577138,0.12435415482013788,0.21129945964890332,0.1537350557573902,0.36217487181046726,-0.20123693350130747,0.035368930962265094,0.08130172062582214,0.07164906237890434,0.07604202728417254,0.11660672728321106,0.12080442261079738,0.12731401621209537,0.3810371980833634,0.1825263236659574,0.1831537384580917,-0.053115855913823104,0.1227440116709875,0.21087440628497148,0.06716887295814486,0.0381464416545808,0.18684743835361897,-0.040136007089739904,0.005656719844664916,0.056883443957413106,0.20742951124031883,-0.14327210008695543,0.08348614969477709,0.013701991950754817,0.3563213800120402,0.17553856054652914,0.09713584794433457,0.01901942625890885,-0.39878898436219873,0.11282819584338755
ADBE,0.3899023661217554,0.009021382892000341,0.4419524475649522,0.31588881237218436,0.25941506957945515,0.07283538938586473,0.1087255629632974,0.14442395359018803,0.29178181707963036,0.10087840834459715,0.09182288506041704,0.1865026186476519,0.054282838609559465,0.40542156307103766,0.05565950966889196,0.1116967267018756,1,0.6891795207422692,0.3316712265572181,0.16422075187218324,0.12739191903319383,0.21897866404685526,0.1164235267942389,0.24160958951636274,0.10645976229197932,0.11852258596783974,0.10530499610417683,0.1098822060254123,0.06973655693098706,0.11736879918510779,0.08842158776571751,0.08143956754111176,0.37847097557760917,0.177944213343896,0.1670449039825678,0.9811194779303785,0.187275001643893,0.19401130232993308,0.0396256401988558,0.050660774452839424,0.18995931178571304,0.02502319796068497,-0.002745259074376474,0.11798493418152883,0.2548166375402355,0.16259440517854226,0.08417657421457418,0.08008369246692817,0.3681025584567311,0.27092192921402464,0.0534319451942046,0.05741089949741482,0.22903084841665036,0.10623827457165758
NOW,0.2950972123890743,0.02750332785796751,0.2592748065148668,0.19199547106104897,0.20426181197800222,0.05968028464602572,0.1516304996894611,0.14554927732799378,0.30015068591905525,0.05832062806221981,0.10626252758309829,0.12197486841590806,0.03803645222779777,0.23648846644413887,-0.006061044132325481,0.10679372025310728,0.3931124175081289,1,0.3070400443967753,0.18958493527146816,0.17491626059247314,0.20832590404101775,0.07895867306427774,0.28744357859607594,0.12018390783825846,0.09532974927712445,0.03683512486507483,0.06439345502040392,0.06528884411549472,0.0929381452526147,0.11328334233397881,0.06973908517656532,0.3476400095947053,0.15996824023622744,0.15091430205918452,0.9812736270450668,0.17508290035602883,0.1631237099460722,0.029394781555687137,0.033654202441958436,0.16656951131745004,-0.005843782876885587,0.0004787034379831496,0.055750233516567195,0.2083287983145199,-0.008246135737421006,0.052952137674590144,0.06025412139413795,0.4002699541394364,0.15846119551014456,0.06573776201273415,0.04367865532472854,0.2270616660998626,0.11576648519352098
CDAY,0.4933230146795465,0.03327375336696322,0.3341140817368004,0.23875678452436808,0.06122835456517645,0.12044122751014581,0.1682698907113633,0.19551578822378743,0.3250421123848991,0.13192900353248502,0.07362933718359954,0.09349503848247115,-0.054166296674928276,0.34469677562304407,0.05090652776278284,0.13641583847162478,0.41577817297937797,0.5873002770743606,1,0.09190986602306217,0.20745278773564593,0.32463521436610293,0.222893818189879,0.311243874244975,0.14817310880317144,0.08356553625361893,0.08344261425977512,0.09518834784201997,0.08582173408041259,0.0711382479371049,0.1277523818103238,0.1897023347507362,0.3616373151443176,0.1955199716567725,0.21784994858684179,1.0836420438543042,0.2131345060467626,0.15873045193335117,0.0793748834847802,0.025596280714203085,0.2026282617409652,-0.020898103090172787,0.01219180208780298,0.16365315304528327,0.19385088690443955,-0.09950835825451056,0.064398199308486,0.020274716622353747,0.342084571822062,0.23205073129524678,0.07698090473840098,0.07956519777290816,0.275110683684599,0.11883318661103326
SPLK,0.36223478884314714,0.01002345305425346,0.3898780655069452,0.4556402169030508,0.21493252169176613,0.09359076848275676,0.16324920780485733,0.15500435487347886,0.3335838558333532,0.12678863986786906,0.10489229267230782,0.17733297350388932,0.027781287387366904,0.39516212435708237,0.05396706297640961,0.1602224023334642,0.39189224307052595,0.6584476933189408,0.33513019172549907,1,0.17343956673905747,0.24175868473421536,0.10181371208348916,0.31929056496162445,0.11007454460845241,0.13966315491792872,0.10477373115510996,0.08490038228945986,0.10374189437659949,0.16053574045077385,0.20084109486609358,0.16122849249966723,0.43908404634264314,0.24249965213855304,0.16375128317471938,0.5023341389667106,0.22228395287303596,0.5158220362744447,0.03213614981139734,0.025585780065423103,0.21136796737586588,0.02154460631050679,0.007843374967046334,0.12172953480087544,0.5872044171299503,0.06206567801799776,0.07679081019296882,0.09376461627593102,0.4930524531308717,0.14703104749030935,0.0559310400617046,0.07621366687028112,0.25836937040723057,0.13525936706126915
ABNB,0.619700664773936,0.15522403086131176,0.3560625369293513,0.34567826803567525,0.43201612534974004,0.17914972851997615,0.28293899757610574,0.237508862726797,0.5159766255256542,0.3209406467534291,0.14016647350942102,-0.14809783204812416,0.12322249710450876,0.4661325183510232,0.08685534898659845,0.19813034224719583,0.44053961167478795,0.7509255132833127,0.4271968011113263,0.16357625033951517,1,0.3798322401104999,0.10104259379061331,0.31064326429898126,0.14861335642686874,0.16633027255372454,0.08614579833838874,0.17831858231438452,0.10365244059069066,0.05696275843974048,0.12458396514144035,0.21117980263817418,0.4609591103285204,0.32254089271175995,0.30715690799739326,2.4213130425996128,0.37506906535457685,0.24867419417978112,0.04714583101605336,0.056189935994979234,0.33832855889986785,0.009188612223178924,-0.024135047211771232,0.29376567525729086,0.27459014422330874,-0.06078318871562396,0.010130813588865646,0.15715229438655293,0.44451849065201143,0.38970828042229816,0.0933007504652079,0.13581149914046858,0.37067160841900787,0.2117587633587965
ANGI,0.5603727685982102,0.07183971111517681,0.5020477964895156,0.41408976633267375,0.4033140108529001,0.14730114100553188,0.27657152114346845,0.20432127972407924,0.5870294548705014,0.21214886965166355,0.16121159217622472,0.10484346322319096,0.15715851082639987,0.4288586400217372,0.115057655110644,0.12617203233474716,0.44403316747604116,0.8715139456976158,0.7045321568559868,0.21899310851174253,0.3084723187555713,1,0.32238724015990855,0.4284066312896762,0.1517958146392708,0.12326272532638499,0.08306321216629166,0.11031976113399727,0.11507471455559405,0.1990569590747248,0.19191125881732007,0.2466172483345155,0.4981260375637773,0.30532080987696014,0.2660369512364816,1.667105492043927,0.31170303615143785,0.2518495706969408,0.2058386526389878,0.04568938952433346,0.3289697043919717,-0.003176302244601799,0.0259437587465138,0.2051067017092298,0.2509623383743429,-0.031274438396217026,0.08695805483227804,0.006308729755525673,0.5903298000055058,0.3909055599601267,0.0841057725601748,0.08794475701161816,0.4413181776101418,0.20433526270151903
ETSY,0.6835630669422752,0.035585045135070915,0.5307947225030839,0.4724005276372583,0.32090752549401447,0.12401498770732965,0.007488017373864238,0.26880706550954003,0.5119040946111805,-0.023791624076723555,0.13471946756809716,0.20606844804887042,0.27260403192902305,0.833553082749601,0.061501269957040604,0.2546633795951736,0.5459628692005557,0.8713642036284749,1.2671183942925786,0.2017541485253499,0.12618134680198004,0.7821963471015727,1,0.6926370756663208,0.13175634015758514,0.18997057254061595,0.2374546355848606,0.10173182768611466,0.0841039502428176,0.17321669350737862,0.2112410958900186,0.23718545281995626,0.5265129215870608,0.2580005365352936,0.26397922120959977,0.9487503860820721,0.09305872378614535,0.2652726931963542,0.5490830764452781,0.05806669967397349,0.2373737998018008,-0.13129743530889063,0.006403726187487453,0.30369627002211563,0.32287463142273065,-0.42046446682106026,0.09141084181676679,-0.35949950814089965,0.4353792511868238,0.37710033800280574,0.09066468415544725,-0.08462454307373321,0.3474711370853078,0.1723118697999064
AMZN,0.3385574736903084,0.02840783289433511,0.2428875782152292,0.2593136042347277,0.057752733918801785,0.08894821891976315,0.1340844097829017,0.10886081986504775,0.27049910415566497,0.0538916450276268,0.0799993936769817,0.0780333789068001,-0.002307314286199485,0.4764878518187854,0.02587897970245295,0.15865253087782683,0.1755211162652107,0.6856704292256129,0.3102539785500653,0.11152786874799858,0.10470167741259853,0.18880789962347558,0.1868022324051385,1,0.09673896203709591,0.07330180213683145,0.10343086162910213,0.04872080812073652,0.09028986478315267,0.07181643853494564,0.10633296393295975,0.08667083865368397,0.27500893348551675,0.09754728148709818,0.1210060062281707,1.0657554043216184,0.13352167582259633,0.1179663863512458,0.02749498238797159,-0.0047783211819130995,0.145149270063295,-0.3260971157477537,0.00462840832580053,0.07527119466337506,0.14103721826400317,-1.0147260260423618,0.03195247632521163,0.038200374455884645,0.22185520247346155,0.17554456224808365,0.05136343828105247,0.021947230585562076,0.24245965050034457,0.1047747524946373
ASAN,0.6933194882742796,0.06302013218355132,0.8448400214642071,0.6641832435656834,0.018067217436292676,0.2736265544856405,0.33728455517218503,0.3884909752771013,0.7299025264226195,0.1403865903430635,0.33179362031728554,0.1753868536384976,-0.10670509941844768,0.6060241883492783,-0.029597078283933247,-0.6280555869184914,0.8283474892723158,1.2252473938998938,0.9862375213010471,0.31147005441582076,0.4281832900590706,0.4170347691416462,0.16393811696350463,0.5756537281557891,1,0.177392472441265,0.15310165092423947,0.1671044390362699,0.16092234403442116,0.24306452623999955,0.28277890560977786,0.031190975280630598,0.7860024902745829,0.3530911634847945,0.365280306495083,2.4502849086920855,0.3529321503314136,0.426925996626724,0.03614687624318864,-0.06718722006830624,0.6306502229611387,0.047345638295260985,-0.11058382400162985,0.17649897499522774,0.5416728443193518,-0.07252151874072639,0.19053914256538496,0.14282891162879727,0.7202031818152119,0.2503425462496132,0.21848821153482378,0.09544515602812174,1.4748630370814628,0.24647006652877157
TDOC,0.5477999574508166,0.07512035162932817,0.6207664480388624,0.5942069301376359,0.27312536681189153,0.12206344346096802,0.1986391690930554,0.20499663102047802,0.5136122574665439,0.0954069119491248,0.5281567727872855,0.1122114307345366,0.059756048358446744,0.9102578650411071,0.06888125621207662,0.040876338286833826,0.4415276835913893,0.7832111928542727,0.43989321366223855,0.2278042338685448,0.25584139478948553,0.27393510320554637,0.16627998468758667,0.3413086217770975,0.1537143838091547,1,0.36249064920889634,0.09792145103689713,0.11802316455890849,0.1369497480974358,0.2034951054722099,0.17935154015197047,0.4916511748882782,0.3135426267611284,0.24032357603940585,1.2149010862894254,0.1798621654324763,0.28553666175483117,0.0694962630758894,0.015387753359281494,0.30029545421144105,0.010117941278551356,-0.032544630311502246,0.11790238069905441,0.4101228122094275,0.13494732485516953,0.10733967577684858,0.0561822933235262,0.5286051963876487,0.22698787967349995,0.11420764103125332,0.026807888020986444,0.3175832345786731,0.2122776286131614
TWLO,0.6790058197460753,0.05697728427075783,0.6615075556763711,1.1170662465897507,0.3502483243549683,0.1907523889079897,0.24140936685604114,0.2573365329870791,0.5780856650410569,0.17710373379975022,0.18159445023897952,0.15447196730227652,0.10168866886191978,1.9502366202290207,0.10499792476517712,0.12094854467026316,0.6119716810406546,0.9110229820867526,0.6774272411779065,0.25755153179897494,0.28765838448895675,0.43069405275735567,0.3599253491395185,0.46785107736035186,0.19399804837548434,0.670728391240227,1,0.16313614185189848,0.11053444848871209,0.16273368877021338,0.26384141970338065,0.27326661345669345,0.5945195358053426,0.34651750943894544,0.38265730730462555,1.844212326452374,0.32035441652251856,0.3216313365104154,0.1125474205265336,0.054728771596685266,0.29678817748835795,0.01645665915814861,0.03061162631705161,0.2563221115058968,0.39329329241083905,0.2571830375445843,0.13144550840034935,0.07145209032826888,0.5776731322916245,0.4093640809576519,0.12440962150299421,0.06625639323308304,0.47989918750260663,0.19940780885543505
LYFT,0.6170143289593151,0.07719330617755206,0.31334337392419087,0.32623270773335744,0.4321101258520984,0.23010525086057756,0.12361958783314007,0.22245344122591834,0.45889991805628133,0.3055905039630034,0.12613499154163416,0.03243422147776107,0.05347576641911168,0.43578859166652173,0.1133862756093374,0.07785722698772532,0.26994258023898854,0.43292488694353615,0.5741497145885153,0.1336616600035277,0.4318232616808822,0.2923226151829941,0.06880699410844177,0.31592908999590574,0.1579330234298827,0.09166783517150863,0.1072296389906983,1,0.12036546947610346,0.0840572736027348,-0.2880394076794652,0.2827662334111576,0.38358242415292854,0.31033098191612557,0.338497568994801,1.3510860927690564,0.34304311725043285,0.19331490949650293,0.012696130703352036,0.024186685225292465,0.24817681112734422,-0.00011966245384087397,-0.011925814324212726,0.8225356596235452,0.9841632126759107,-0.005902789634339276,0.0065744959281769065,0.1735793781988297,0.4197072772982084,0.3264313044715667,-0.004193404606434286,0.09227654413442261,0.45162035071447004,0.1849489115255763
PLAN,0.41624823704870845,0.07110374536748204,0.39621118168584424,0.8604841860931604,0.06458716756629364,0.06029603692017586,0.4324841901948105,0.1662043016784618,0.3599929218224253,0.1355747448214934,0.11135350674128061,0.057833934532849865,0.026920911931672353,0.37022934555424825,0.0443208097075859,0.15867520484238956,0.4099379011018858,0.6566424231289698,0.3736563527271241,0.22877545987857006,0.23878406760944162,0.29588907012851956,0.07304336645302947,0.31287553638597215,0.10151942811535238,0.10314558278094202,0.10644161845686423,0.09102031041161276,1,0.08177681141709549,0.1282359776238094,0.15604400696535234,0.413585812831518,0.216430660428889,0.18138143533945683,1.048194353492583,0.22983996396549397,-0.0854077062399479,0.017859010799084217,0.025212959927252847,0.2285369176971879,0.00940272161293084,0.012292214037837944,0.2718138262952194,0.2492941317591612,0.025007262280379448,0.08790198722771687,0.09247861129339974,0.4230558873736888,0.25477797899915766,0.08489440824449627,0.14736103628546507,0.2818308996410737,0.14355168050756412
PANW,0.21989131026843978,-0.03292559269566461,0.33729699424880416,0.1501599121371714,0.14460973455626874,0.08831399427092784,0.01974578272487752,0.13788351144160105,0.23110268677393853,0.08891517789562497,0.13138821989922628,0.2687431043718215,0.034538463147810006,0.2554792898910792,0.010225924023422305,0.11294161874200837,0.3380598840505848,0.5104940413312676,0.27355635507548914,0.05287019861986223,0.06462075623894498,0.2615060739754289,0.0656456268032991,0.1547054396856847,0.07697244766516084,0.09528182561491186,0.06859869243090877,0.054261846000833634,0.00598272564798595,1,0.15698618775134257,0.02422764303979042,0.890975373014304,0.18477294012377116,0.1324047396997734,0.03810890667190116,0.17671950258328864,0.7149833697615487,0.022682735349095238,0.021377327599915757,0.1419723364388129,0.038287719384229105,-0.004089609539524406,0.030864132553336865,0.08576267816740772,0.033158651263619235,0.06496959451964743,0.08645155553218414,0.30503806782990595,0.16296747913424334,0.06570116964533475,0.036967131528586904,0.20698351112398955,0.04501496447928339
XM,0.6365384657466803,0.0204190567669778,0.3963325435865801,0.3673322426877137,0.24104892642789716,0.14732116121010236,0.08048261945263133,0.21584813553414864,0.46359260997376833,0.039331956699086186,0.1411034372647551,0.20961771482872898,0.018130105909924657,0.367540707276752,0.09700975816171663,0.16513946700057947,0.3003347173594267,0.6340052987522995,0.5433598373409366,0.23513500018077033,0.14370139048666633,0.284342601551569,0.14882805600051358,0.26630467819993453,0.1352924490006739,0.09005225708092944,0.07685139639954776,-0.20283382316761558,0.0975116454031077,0.1263415203574727,1,0.19706512219152225,0.44947835796968505,0.22258087505103208,0.2842902727318002,0.8010622291850095,0.1371265598225324,0.16778273328059531,0.07804393059653736,0.01617186231610738,0.16008084364801303,0.04962099068946096,-0.005605005567530668,-0.007562421594533494,0.11423135819065307,0.04719524950375169,0.09053684222319178,0.016904695319209902,0.43202012261410006,0.32654339928292825,0.10673567214083321,-0.02778040903460187,0.4217422966897753,0.12198165528444867
CARG,0.7503068669497609,0.05026339817564214,0.3381137460560427,0.29372492149828766,0.29890703747629055,0.14047723589763297,0.1694582442701954,0.2176180045734819,0.4198858687953354,0.132290673310392,0.1469154393404584,0.049954276117803266,0.06025809198081643,0.400015510968651,0.11615429080027702,0.11010159444659688,0.39013111321621435,0.4938964516970179,0.3970070656555785,0.1017900224026423,0.2836571743850648,0.344095183566875,0.08886205884648982,0.29330129967804935,0.040466469779690706,0.09455543432724471,0.0810149568308054,0.1485671134502126,0.1223311969425273,0.09541384201693182,0.1471216530679955,1,0.3411374593449786,0.4987655819508717,0.30698947674567856,0.7736889505217593,0.13532584808537168,0.1946779019476349,0.03945357462938255,0.19431954297646534,0.082003185665646,-0.0064897907603135374,0.15052688442164933,0.1461974306657735,0.33862503742070577,-0.09470675789649464,0.131736364710573,0.0887727728813456,0.700823216546874,-0.1126015745216016,0.04144112187517351,0.062017240308905694,0.33159161032233564,0.13632924348574083
ZS,0.5190258688357703,0.004936489201081885,0.6338514494108801,0.37200663156721053,0.23531614684215255,0.09807027946399685,0.12860627444309633,0.20687244841644378,0.42919557645863093,0.11958966991637364,0.1637367867854649,0.21820692682596388,0.040498125210294514,0.41743416117880433,0.024076086848909294,0.2133167779750008,0.5353558537572533,0.7881985612315058,0.48724150104203534,0.17350420069227926,0.24193663555558026,0.2983312994963275,0.15099136066341448,0.32328955190086783,0.13994097467428462,0.13101391596833997,0.11774915403869095,0.11469155954500523,0.054995481363773364,0.3460362833896091,0.1717468630062847,0.0959206288861651,1,0.24876589927551612,0.2151693590619676,0.718382203490971,0.29090037757167214,0.45086348778523594,0.0520888171281068,0.014121609723693725,0.2787688191927393,0.050774041336666076,-0.009062535988748273,0.12427516317623934,0.24899074041698954,0.10234351340204152,0.13141433943762018,0.11858527782821081,0.46341063681384786,0.3239266311398435,0.09301948016705641,0.08577421807725813,0.31255550893696393,0.1629771014432255
SNOW,0.5398404438400591,0.09692338545683887,0.524277104031031,0.47244930902599874,0.5188192098826347,0.24765566269279896,0.13637067890072202,0.2296009964340375,0.4562659714544796,0.16570246039918307,0.11544633340022274,0.06570200552766728,0.09387674472699152,0.5344542374007151,0.08493293385746097,0.1930287617310947,0.6251792197303583,0.7571169551822281,0.5256946860600497,0.24494035926621538,0.3888865005026858,0.36605430068806133,0.19016977408286834,0.32783038407074494,0.1171698636838668,0.20481114596655642,0.14095081778824825,0.1285386294616657,0.11084459402244783,0.20912603688964643,0.2564814759463594,0.5160564072738996,0.5502274009499456,1,0.3805922506178871,1.0077140513388454,0.21426702383087717,0.3402629671804129,0.1012583074224035,0.03190338434944781,0.30939490768878025,0.028022182495842443,-0.024186876188462957,0.17945539469735833,0.5059467577055048,0.10418499885180617,0.1628921904251882,0.08855619620347711,0.9032140182707102,-0.15408670712505093,0.07450374251891183,0.0009670412156965863,0.29065578619832033,0.18500128301749086
SE,0.7197022594464022,0.10125065667207489,0.5152155126323559,0.3589544712555588,0.4413594066151709,0.2341978175270955,0.13357960098094981,0.34003588019538195,0.6529485940447248,0.17599562303076258,0.18121216816373145,0.13550120284032618,0.09777580246167988,0.5345843568132472,0.1077590323969131,0.22290658843837827,0.6592657475192664,0.9244758721912486,0.7126695418929044,0.20861911947524148,0.3611853154239059,0.4308351582702488,0.20878847027146083,0.5188174486963127,0.18549405964302212,0.12309906571340498,0.10288142701348624,0.2025046206103055,0.11322939293113835,0.19291642949026164,0.2630165745162695,0.31821032947614203,0.6691480025984236,0.3866821458271621,1,0.9431068826242276,0.2910740152405067,0.32451340347112806,0.0875688650592764,0.05603022865263882,0.32754866985076786,-0.06227630044089506,0.007241350788177761,0.26671604618222233,0.38285822564980587,-0.3133572501823996,0.04958083890418515,0.09372427289996112,0.4887946300628685,0.5079336727066704,0.1285997869279347,0.011844774787547993,0.4658822112139785,0.21202831176485504
NUAN,0.006174269073550276,0.012196155944117508,0.015420115941546774,0.005751960091167334,0.005013534132041087,-0.0008794499044498292,0.018947887425222534,0.007908355314778941,0.015071376127458467,0.0026722700250418284,-0.003073258479707658,-0.010209207699728691,0.0012912599578138021,0.011926659477911116,-0.0003081937856923089,-0.003626576568736742,0.03010218285631177,0.03587540961236692,0.005479385360043614,-0.007639453904045528,0.021116545701070986,0.0031893844399389294,-0.002402999980594629,0.007827126526066307,0.007517764349485708,0.00233563173561166,-0.0009482729740259616,0.005915476209494527,0.007061469720835478,-0.005046656610735461,-0.0009662460860779927,0.00231441208882399,0.0021318900237278465,0.0061091282946389895,0.008786377307386281,1,0.008903871195389235,-0.0046671688161007896,-0.00020835036857801291,0.0029658191286916183,0.01130055358917277,0.002588214810677298,-0.003452978157127503,0.005174928594791667,0.009884497918563821,-0.004217201596789971,0.0004120886820529749,0.0008299948060727793,0.015587992856028592,0.002332777066952344,0.004514694947390885,0.000361744854916766,0.016975024091507942,0.0015067124903310484
NET,0.45279554528621124,0.09197946923679294,0.6110652589120253,0.3438456186045724,0.18782630947244122,0.16536487802165728,0.3190936892415093,0.30021376095985136,0.5303866029555158,0.5002651612768672,0.08599924052126923,0.1516195388994743,0.05804879972765273,0.543462863610991,-0.00969803652524827,0.16570789382940598,0.5129097996142865,0.9080173709615028,0.6766964340301239,0.12745587276356482,0.490789063295092,0.44648887497970063,0.0904612903192938,0.36135927184724875,0.16735789157960157,0.15977802807129282,0.17296061271304583,0.24166536805315045,0.10899109514890325,0.2054533939172912,0.12157670736252782,0.09084716403114622,0.6902298838103731,0.2426407791471646,0.21744000904578534,1.8797158395673743,1,0.29694871525332306,-0.004378790436691193,0.07782506341144753,0.2080588709908203,0.06197377736321086,0.013472406993270127,0.3431025297776375,0.2566297943780627,0.0364681533962771,0.028789520754285834,0.30045090207539094,0.5272956643449878,0.31025704327648684,0.11468402180476744,0.2979206310127223,0.46740713960123714,0.19330828231784072
CRWD,0.5130854772874119,0.017585298384431087,0.7863783007320778,0.35237624185362487,0.3005270064944514,0.14196809437284344,0.1624902358728674,0.19292104935969864,0.4818277148011741,0.1429732712698443,0.15901391812068122,0.22189563045136348,0.051557782582161114,0.5178958412565741,0.03740047631273652,0.2047318100899407,0.6045961089655087,0.6930114919693601,0.4158534158875742,0.572619596990299,0.2978508596107062,0.30741450909864576,0.15652736121687072,0.4197136753874093,0.1620707615583425,0.15504339064483152,0.15730633547807366,0.10730085399825356,-0.04516976499373926,0.5135969779416576,0.17790906572220677,0.177855560475668,0.9294105977292395,0.2865740974375902,0.24765725518230702,1.3741418677963801,0.2673022286924494,1,0.05256363486547356,0.06090767916231043,0.2522578323950416,-0.0036859282873325278,0.00970677917483853,0.04078846869180509,0.4751023290087199,0.02155784234667182,0.22067828662951158,0.14098279730148458,0.49842707026822414,0.3510662675575824,0.08298766135054268,0.08958485881742695,0.3979381137136123,0.17548567682507427
FSLY,0.5417762126165939,0.05970244796794232,0.5706750523212047,0.511069021475836,0.5078019660630732,0.15007589941121743,0.16799707970079053,0.20512910712099652,0.4611219812945374,-0.12090686507052176,0.16355581385607074,0.18287448358779995,0.7543319223996475,0.5173782247154669,0.04739108875580428,0.17928391629398546,0.488938411679153,0.6809261234839631,1.0991988711305156,0.18610710196568894,0.06515886895667485,1.110545807585556,1.269272699917425,0.3341030753282891,0.0826425011624504,0.20604250348336964,0.13574748128574587,0.04760507513437982,0.18714868735911572,0.1747504465799783,0.2299152619378835,0.22658237378649618,0.48725754131979393,0.3206000231683495,0.22818033013696576,1.662181013647996,-0.04424028533453036,0.25850172613377015,1,0.07487312380306592,0.2921009813373327,0.0386010861179287,0.025235846579523602,0.3037303795197408,0.40135052236860685,0.18972194584939908,0.2027416782670878,-0.6426598299989024,0.43933661382241224,0.359123950120092,0.12310402259276117,-0.15805753201675096,0.35370540233329223,0.11831610472144283
DASH,0.6362101963338217,-0.006593495818297914,0.6614554188484839,0.3202788085201273,0.5029244840357928,-0.033467424191016545,-0.08095808647613098,0.11501477004094786,0.4621423128351398,0.08194737380185724,-0.10158783677438968,0.23295725104983278,0.0716812116789893,0.5590026627460813,0.03787561031605706,0.26425877573186757,0.8294071107130149,0.8022676485810099,0.5498121563904804,0.11704505963247294,0.0866956276436174,0.20013658982587937,0.20914391392689294,0.3189883201830616,-0.1162554120900217,0.15462398613270378,0.14788824139158172,0.17610737183401404,0.08552981104510553,0.19917696154097939,0.2087840870565248,0.8419410230979669,0.6166810785231266,0.3218562482349058,0.19719270706281355,1.1547665586376932,0.1300403834205554,0.33665199851924116,0.10366226581069288,1,-0.1918938396898165,0.016844271596761485,0.5570167370685339,0.15928194826234582,0.37750875436698694,0.0916703740507928,0.16334602531340445,0.0736567259548818,0.6336600899344133,0.36860297186763225,0.10397530644895107,-0.03142352904709348,0.4353112487142816,0.12363515581534276
U,0.7191222499413525,0.09885184124511398,0.5406820746842388,0.6060064224771329,0.42784092784418193,0.24436509303264659,0.34236544361677956,0.2511783683537876,0.610293805296953,0.22024225888386875,0.1778828450189659,0.07496676284101142,0.11881238472668543,0.5661828777283515,0.073230593490339,0.1940415913845465,0.6562010249025931,1.017183773995643,0.7247830391809303,0.24302787265172704,0.4855018052048541,0.49970300337323764,0.16091170716903855,0.40505742019442986,0.2741818123141141,0.14690207425899485,0.12517754413124882,0.18639620302554621,0.09689937266505123,0.1344172022063746,0.16791983347291822,0.10639177385609118,0.6755561677586227,0.3973296653880893,0.37513821358889304,2.300901765765846,0.37365379178437996,0.27496112469013057,0.08287662725505442,-0.12235856757396822,1,0.042611838659119855,-0.15435563864743923,0.119985443171976,0.35779517299466396,0.11346552003069427,0.07159795495912512,0.12935916738225153,0.8079496166901073,0.4614032424828852,0.1324954462562274,0.11082858264123555,0.5694544799693814,0.2509494284848099
TEAM,0.3334187523706192,0.043495487805918075,0.430433545006951,0.36146487728989196,0.09343548415238945,0.017168638938122996,0.208503059681127,0.1399368885361421,0.3442837202579741,0.07988283936302339,0.0866118114383243,0.08147870626629727,0.01857017557927054,-0.13566220549082014,0.0067065592246861585,-0.04642502504948974,0.4110959901350211,-0.042507770483925504,0.3421246714561133,0.17903877726471276,0.19790606845123843,0.25432404559396,-0.1384737979041995,-1.4010233725737389,0.12313018289378723,0.1365075852227652,0.004615419467717161,0.08263739621146539,0.12816284730511643,0.08560621477893017,0.13584248503084778,0.10050246891695869,0.41566468598184436,0.19358468023028455,0.14049724261895044,0.7511964422512957,0.20176342458167293,0.18133958492999627,0.04172863486516468,0.06460942460978632,0.1891888309827391,1,0.02262366937297566,0.11843101698477282,0.2585839921363657,2.6405925622316646,0.10394175552456243,0.05914050194821464,0.35646817359923066,0.28375380495665425,0.0839540992848091,0.025334253484447348,0.23185614244479383,0.14190060191865522
RNG,0.5975711808590732,0.035715539583178975,0.45377431121657386,0.4320078305137788,0.1971181371212787,-0.23685540264794364,0.24384150376315278,0.17476860011161977,0.316263128946565,0.10978319141703091,0.0845138071095129,0.06601730998051117,0.10815360768869685,0.34510620200327163,-0.025286184813969884,0.17062499565976805,0.4547209002947525,0.563760375004636,0.5164948184068949,0.26313359083910176,-0.25204324822692475,0.28523805063877344,0.1201375404731196,0.288726721533742,-0.3015500877287115,0.14779437083154032,0.14229293849552585,0.07829833352902638,0.14640465729157096,0.12996086525137313,0.27422311771722735,1.1687870437880585,0.5288385921953059,0.19010603313370217,0.2483004414095498,0.04741565038038264,0.20460471487920753,0.2669430836297295,0.07588761216928176,1.0241627925789065,-0.5938241989363594,0.033592643847470426,1,0.2410420714226994,0.1063458428087467,0.19482485607975958,0.14337754346872406,0.07612162270813391,0.33588459669995896,0.2846875200467096,0.14741315286984108,0.07894624846415602,0.3110478874171004,0.18104111355587088
UBER,0.6744585904867535,0.11556067358759939,0.29862820294634995,0.25040306127162293,0.2639847945263737,0.12733416240441905,0.16161852024198925,0.20495772982822363,0.3698190675497922,0.27151184608514023,0.1650231397366852,-0.06167780236927708,0.08511020972544267,0.37327348264954757,0.11573538707047182,0.10889221541773475,0.2177790652733972,0.4340577873662218,0.6171396857608052,0.1729263020235306,0.423853802514561,0.3320123053696498,0.202323269608642,0.25696594484107205,0.13177974552537172,0.12192569044184784,0.06605307249605176,0.5615161631677705,0.1707990670239582,0.036636252003365996,-0.002158493871493659,0.23011908220174826,0.3409833211022425,0.22119973060566475,0.3054893806501861,1.786984711070904,0.30062861025021526,0.10240413138232596,0.09267866042405272,0.017562116972301638,0.12835515864011118,0.01583841659932989,-0.003791017498297521,1,0.47650543403720186,0.31758653413558313,-0.03549275557693368,0.09475911826493064,0.38153731332203217,0.22515732070419464,0.034838143399120405,0.09075990239060346,0.33540826903391574,0.13140923859249387
AKAM,0.2633462355219127,0.019692069624506873,0.20597966277746257,0.17168944167058783,0.16927007954119458,0.036756636295381465,0.06333341497249072,0.09793860561445646,0.19902978765914567,0.06963531156518823,0.05254493464041595,0.06547634674737103,0.012429941159686597,0.1598299494795725,0.02840928888478904,0.06450698718163518,0.21880450234107515,0.3503880300222503,0.22660749340705152,0.23057701240902842,0.066002399858543,0.15546312053926953,0.07525701032376442,0.20425882902289755,0.045427107033457474,0.06137863455236571,0.025522568430321718,0.18149113466086095,0.06175150869321024,0.048125146558735295,0.02571009787383729,0.12156168820378274,0.17832044272235312,0.10572226319939189,0.11415464320670284,0.20756672297178405,0.10144289002999872,0.1558642694653028,0.016081482134766543,0.03254992287375621,0.08164120955113534,-0.007874680302561561,0.012113680062812231,0.13468836297657186,1,0.052575486051806015,0.029510926729756987,0.05054280287874793,0.1619496505689297,0.134138262615866,0.015170289377112239,0.027153125683325965,0.1422683121803697,0.05837841026244474
CERN,0.04722691242445801,0.008787587320546235,0.09005178015704376,0.07028096866110588,0.06523968305694108,-0.01430552786166834,0.028859095587599193,0.025673894756000574,0.035705672070734336,0.01891766202116809,0.05463253942135076,0.038671638241057134,-0.004501500861175115,-0.00840876730755451,0.021299563206407624,-0.03301109090090536,0.08884797357288524,0.07793846553561036,0.022391756990475107,0.08950626756298795,0.0029668813437403897,0.060366250926122314,-0.034788756931282694,-0.25594176097068305,0.01632955343012522,0.045372157811519154,0.004738682196797963,0.006424628639184849,0.03239389543237969,0.004545547565945872,0.042057425242991886,0.03225597974819829,0.04779223267467107,0.023826204040911594,0.02494662726710724,-0.1944742282989153,0.02200081846955017,0.035723776667699776,-0.002939132630472653,0.0029435775918205706,0.011166518055960166,0.1624621323430236,0.010340217284233545,0.05443901235763639,0.10798124077421944,1,0.023273259419911266,0.017843230036358966,0.043646559629720506,0.057013348599250925,0.0016471432778223764,0.012814280737971917,0.043348705112194345,-0.013476347734033214
ZM,0.39685683629171553,-0.041180669569579345,1.6132788033320535,0.4259302720017306,0.11004055768145178,0.10994521789120615,0.15865914563632127,0.16662808672781876,0.4191409172751729,-0.06391135461574213,0.1415111097246908,0.30582158618830685,0.06718685938190382,0.43752019239671214,0.07133442855858993,0.15904864646673844,0.9142008557380239,0.6236841998258149,0.5073883165512821,0.2166540704433531,0.03586228395415756,0.35339455373303813,0.24978214690480252,0.4295782554188965,0.130307016194437,0.1713264904757392,0.14353150535676248,0.012752050618470805,0.16224860004534553,0.2571943964931398,0.2206449751445224,0.3174021012844089,0.6743135994894353,0.5912747290986105,0.25802064664513014,-0.22643293393947245,0.04482629541169491,0.5086990535860864,0.16087488411887724,0.09830181975892058,0.21733131542630627,-0.03474325832660144,0.025276549140266856,-0.048490026878449846,0.22910937118753025,-0.29387904501931444,1,0.005732067636781609,0.6968255646109589,-0.06819082733379278,0.07416650455989618,-0.07937696932113791,0.34470831821118797,0.19834066918092222
DDOG,0.43555305070064015,-0.05675710216657407,0.7454713530799822,0.4298824790747298,0.2074594597100696,0.13017497790325666,0.05708077428162535,0.22342791073965593,0.4411246247574278,0.8030714432340641,0.11240594248192544,0.3581395115010925,-0.28424203387847463,0.4586349235814704,0.0626743299066594,0.1559613770977067,0.689755035846484,0.7079323090916507,-0.15169771231118326,0.1254342663494642,0.6526898598224963,-0.23613268281311775,-0.7725015074791176,0.30700117763617313,0.1806341172265544,0.16785876457932317,0.15417223385956005,0.3134637651556151,0.11323342679455872,0.2629415100311968,0.056539984264451754,0.073933605512965,0.7120376007002314,0.3661139840342908,0.21346821653176873,0.7492313018025484,0.9422541550018323,0.3498943062551866,-0.6350510725641899,0.0703789473826639,0.35919205333630955,0.05762404867397197,-0.0070839384073130346,0.20733636571412806,0.22634513681470314,0.13174636613517868,0.0187756661313456,1,0.5235311231378886,0.3362540465539824,0.10143691740709646,0.5218829702055962,0.42661695482119544,0.20088084190350325
CRM,0.2892065600901244,0.01694940323642882,0.3118049117582892,0.21379579510755659,0.17048565226623844,0.09469132564486472,0.10455507563053468,0.110258964070473,0.26271007016836545,0.09179072693269541,0.11893424004435749,0.10213011439264613,0.02821345719862869,0.254410300208332,0.044032251686527205,0.09954112348169479,0.3613416268689997,0.5605442882793454,0.2764322064150617,0.15043237655748826,0.1272242965340512,0.2080975002330418,0.07029789470943555,0.2128900899792976,0.09687423838351525,0.10689479154194735,0.07774073319431014,0.07486797484570355,0.08870347190014818,0.11290469565517368,0.10304102413937995,0.2294743464182384,0.32586340100094224,0.30083090344826086,0.14830517456995637,0.7480386046271805,0.15648826851303957,0.16111791488916768,0.029015665200005702,0.010056896790253197,0.23039442664788368,0.027277677527183936,-0.012882436621369031,0.07813753587576877,0.1682570087938317,0.03773904396402444,0.10160146398788993,0.0667287065089242,1,-0.11491434807729882,0.046410207075507894,0.035959367134964386,0.2051078848434497,0.10421876299675766
BOX,0.40143357879879604,0.028827730008240442,0.19747074395624137,0.22989423210554882,0.2669969466374698,0.07726173344690462,0.0514772955295938,0.12274014084176474,0.20659490449793352,0.10364014962435335,0.0660808189662951,0.11254637743572554,0.04208146387348232,0.17538695642245003,0.06516467898459324,0.11313991812134169,0.3426184697926846,0.4451782583759938,0.3044112862200823,0.11962148086492094,0.19708395790234193,0.20664606547513067,0.0870996953875929,0.17944863272108208,0.05040592113138737,0.039289750201147416,0.06348255263348755,0.06679205229383059,0.061980846368122754,0.04594431014944034,0.07028288372567237,-0.061272068874415136,0.24559528761644359,-0.019244141356635314,0.13952336146139105,0.598424748446151,0.14404278940437365,0.12777378809660414,0.02546832130899552,0.008771553475228643,0.16407912053085486,0.011057482943616533,-0.0039835835584164075,0.10045135904960989,0.1700050276523001,-0.029638867040069326,-0.019554279838912253,0.06137463904355336,-0.07027696056649861,1,0.036254936121547746,0.029339571186005598,0.2088833663023704,0.10037766974335431
MQ,0.6673875181212987,0.13711748158646853,0.7338213108153558,0.6022716777832499,0.27481853251440114,0.11936459472261454,0.22325808420958865,0.3322984027024044,0.6773413113016086,0.04907427528389318,0.33579626428809917,0.09757102258626728,0.04851111052323317,0.9134373522787865,-0.5670779474048765,0.20212862040182913,0.7554111092058691,0.7857687525359958,0.598000755652379,0.1552892117370618,0.23315682407535193,0.36867313263810403,0.19387992464689735,0.40115053205458934,0.2612377015567182,0.3121392962699935,0.2680506571613503,-0.02979583850028303,0.1927375453944698,0.15423017203209724,0.3007796843194442,0.28634656824442917,0.623093308047837,0.4688660450296721,0.4474406023252687,2.200995273565202,0.40769119797843884,0.1991072367520292,0.10063360856445562,-0.05915299928779694,0.35559024113899085,0.04031034480828541,0.017563249032889975,0.11284811183898484,0.14451464510224574,-0.1966747587946593,0.1191207922794714,0.024139225692139794,0.6479518242870949,0.3388216789546816,1,-0.050992534922705814,0.5151987875399558,0.24336065076252147
BILL,0.5751194250662447,0.029860978661804347,0.7091247696667767,0.432403626340461,-0.8644262269868671,0.08981018142643568,1.095553152632022,0.23348365027623724,0.4899515206260345,0.7487468061294646,0.15886028485303652,0.21648121936631834,0.030316881497170316,0.4947701247669504,0.05805236664736185,0.21999787555063346,0.7234840167285165,1.0319941331714617,0.6678664512595646,0.2697476784899508,0.6541927150291594,0.4382471056959776,0.004455960163722343,0.4098093051740609,0.1961666484101604,0.169203016464965,0.1668208816023236,0.3086430593921685,0.2230668789992561,0.1607852462564621,-0.04807010353232889,0.13547823293054262,0.550403156924205,0.3038722968690706,0.1833535499752317,1.2370300874844695,0.8792508950761322,0.32875836865595315,-0.11712771698246988,0.033091325958004555,0.3197848648298799,0.01302858403942034,0.0055925574085813855,0.2992897136471192,0.3719813985381859,0.12414968635594621,-0.006637064523938952,0.5139197131752864,0.5364960250154355,0.44122537501359915,0.15120370210443,1,0.3317895135134061,0.22773450562289674
NTNX,0.5706477495412862,0.06928435273098398,0.3298661430179349,0.366501002871125,0.2318759097953136,0.10333471529596122,0.18680416705244599,0.16492744966230677,0.3820766891436092,0.1135765177773514,0.2314651102272299,0.03973510485108577,0.022771304519116027,0.36639215220259436,0.06820382869850634,-0.35899370928358915,0.2644834301581262,0.5469930202065446,0.42572641283996093,0.16646478743319265,0.2366447178087243,0.2423533904661474,0.078511192206567,0.3019127688173489,0.3520985996972668,0.10859943314229048,0.09507079736293986,0.08401930154335248,0.1198740854960998,0.0910505510295928,0.20720388755489463,0.18668175006528237,0.41179289968555954,0.15820701622127498,0.18375460960275358,1.761477015575702,0.21753056662586662,0.17362506225049065,0.03248194851282751,0.02046351637411186,0.2565386446594185,0.007191208360579704,-0.0014638177274771305,0.09484291328865184,0.19217040401547117,-0.0832031439136418,0.058741172578658934,0.07162868524672815,0.3815395133990807,0.24759072880130428,0.10371724475034762,0.04121423778792185,1,0.13788732519224517
PD,0.5344960771400351,0.05723008437110196,0.4527757427103539,0.49008960327475903,0.1869768748036012,0.15708648819637797,0.29695198672658185,0.24313050661428612,0.5190017517608477,0.1741661651023564,0.14410744574742138,0.11397845341197209,0.0012858591566783397,0.4751316080702246,0.10778300063441511,0.15860509457273952,0.40737416180511676,0.7757997244702491,0.6491853315723136,0.28502482904000054,0.2950989303054511,0.3598857479171504,0.13813430048375766,0.43439512074750225,0.18991135557807018,0.16601794391120933,0.12725049364428767,0.1320274098701911,0.1978919805238795,0.13535999396237114,0.2383167144711309,0.22115999483716348,0.47398331995486936,0.2515322665061493,0.3193783577562368,1.4776484084610713,0.2727374793851076,0.2288373322999498,0.04038655704966189,0.012247445986163868,0.29504711005953954,0.03020613347862442,0.008095478635364688,0.1858702166490189,0.29868341899377865,-0.001888947339387217,0.06180719220546041,0.10326282466489982,0.5111629067745173,0.2574068821288202,0.10110690758695012,0.08219370473879406,0.4533747838762034,1
