,ASAN,RNG,DOCU,NET,ANGI,TEAM,SPOT,U,FSLY,GDDY,AMZN,ETSY,DBX,XM,SNOW,SPLK,CDAY,PLAN,CARG,MQ,COUP,ZM,NOW,INTU,NTNX,CRM,NUAN,CHWY,FTCH,LYFT,DOCN,DDOG,ADBE,BILL,CERN,BMBL,ZS,PANW,SQ,PD,UBER,WDAY,DASH,ABNB,TWLO,BIGC,SE,AKAM,CRWD,VMW,EBAY,TDOC,PLTR,BOX
ASAN,1,-0.26817725260670544,0.5209628825911375,0.38873210039520034,0.3983850845582276,0.035751182754920084,0.22391403396556775,0.7219446790728277,0.044077891698125975,-0.2294625675694427,0.4466781745871981,0.2465386015658846,0.38283352983669217,0.3157769439274276,0.3011606022434439,0.2982920484231097,0.54707940388163,0.22076760668121867,0.006031025486212173,0.48457605539444426,0.48426254067601815,0.26150747168668764,0.48892271046496827,0.32171028584236333,0.8404060620186397,0.3953738447321381,0.23784384645148704,-0.4347240052330067,0.3098851165616448,0.24361053911724506,0.46472004223399177,0.21212790151336977,0.4622579998443149,0.17326868032885015,-0.0039402602392163465,-0.0052458173210896426,0.4965031709139495,0.2741709934062139,0.6553162953980161,0.2913188744300236,0.2294278477468861,0.33908715036645043,-0.20056678234403105,0.40994657335720897,0.23536813541074947,0.23796744418679747,0.3524643174707938,0.34470306194740374,0.3776022620010856,-0.01432647322977109,0.3652258491901637,0.2097910135996132,0.2787454430431253,0.1480064979482843
RNG,-0.199029789525472,1,0.5128217895588353,0.37404078889096287,0.4363321967492294,0.07322668192700056,0.14840899786778397,-0.3114539966446534,0.27056101615207406,0.32860104400509776,0.3177639167066575,0.33478881675694194,0.44950388201400615,0.4098625096542986,0.20509779098409647,0.4536300632078486,0.413825052817928,0.34480111124434837,0.41275662749240877,0.41134712573894683,0.42955878211024684,0.3419479031652796,0.4165727370390679,0.33974167676866296,0.3481982170480021,0.32316705498724263,0.0004486835817237622,0.30819945424546624,0.2192260060615229,0.14470845356084114,0.35997365894446604,0.16378610882091832,0.4093887875734305,0.2498164152751996,0.1251216348240904,-0.03768002104299626,0.5157097248191729,0.2655943952722502,0.4785974735234446,0.29497024346880946,0.34207683602241057,0.37126249297042874,0.7822179714896769,-0.07391913173141468,0.29642379341592967,0.2893318339025737,0.2946628884632695,0.09790908362659492,0.4550776357288978,0.18878638026282954,0.37169633300002275,-0.06250234238894149,-0.12317972613560071,0.3089240301125463
DOCU,0.3071776932825178,0.005791031221515862,1,0.34365930305120956,0.4629057338437223,0.018848072994950647,0.2819782027471825,0.45404349477226297,0.2384702672183273,0.11270556748510943,0.4622554381154001,0.4073415822635862,0.3168307392600049,0.26623815991681254,0.35610173313085375,0.25993812488753637,0.4102625214982612,0.2166633455722108,0.1876702356335039,0.4281835086068353,0.5835256333911325,0.5887942473622508,0.4843534178685727,0.5028941587882116,0.37402134817565336,0.4007684231897515,0.15139483911080664,0.3848150174263303,0.49555551402945724,0.17296878319132275,0.43050762175966656,0.08933975427305985,0.547236595945814,0.12806524568472166,0.1010265130338484,0.12953852607158997,0.636501289496243,0.40033643286905124,0.589480414629992,0.3858414554743307,0.19109795288813672,0.41823138126574977,0.09752588153368758,0.2232252232173154,0.4707918764150537,0.21813066456321323,0.39334364465642135,0.2806744203170309,0.48927699883215353,0.19577955959646864,0.5976292965530937,0.4180740287050439,0.17458034404985237,0.21673711464504292
NET,0.37279296351926017,0.033980568003343606,0.47768977215306085,1,0.46936663342277907,0.10702403884254563,0.1067722159496126,0.3408188024152609,-0.010905980546164649,0.1376441586485669,0.34395435666391494,0.13487815909678097,0.29210585109252635,0.1395591564933836,0.27701282991253323,0.14639856824799208,0.4930111232819809,0.17535705139344518,0.0786582345102624,0.1685562939186746,0.3082294616563066,-0.001368240901398709,0.5341761923184145,0.5150470314637678,0.4536147958248579,0.3647669177540728,0.22951375527427126,0.21468255357191188,0.38248693414356133,0.33636782319300745,0.4548921777399016,0.5494035523320805,0.4376405464921818,0.5904683085430212,0.020927893568858064,0.00038820068232793927,0.6185765721155254,0.2834766677564999,0.567717278548961,0.2784013758337261,0.40688806432619595,0.378745551567694,0.18220009231891834,0.5001882028108697,0.34089515201359516,0.7562947142036734,0.28778210272851756,0.18361895665765035,0.3503340325457711,0.1560591310948686,0.4109112771334919,0.21475661764650653,0.19984211490120846,0.23129869775111994
ANGI,0.38817774558344675,0.08599972721610179,0.4960998444416194,0.5108110972935244,1,-0.013488432328039581,0.257962933765717,0.5506477321608377,0.5483450615511117,0.3830935912719052,0.48814908936721235,0.592450182217482,0.4547339820178661,0.33000978743238163,0.4142912057654257,0.3183756133688465,0.5492449394092391,0.21233125753595788,0.29549919009176134,0.26810396484466104,0.4646075356309853,0.1988649489516538,0.6143024025697132,0.5445779988980235,0.5242799258783997,0.5017733729974162,0.20840728755954055,0.17921202367694963,0.25496826694101316,0.21897984032916407,0.42471573150842584,0.0008863240263635334,0.4050817207318701,0.24391850561845363,-0.02856891943258575,0.2908312183137912,0.5685004969767598,0.32630948972019513,0.7294618986258683,0.3587486145527486,0.3121767707582749,0.3407125455949634,0.11080272315059715,0.4702893802405886,0.18936527749697687,0.4760269405549816,0.4229950782695004,0.20613210489745276,0.38773959354397813,0.3693699310058641,0.3892786079413621,0.20129584638297693,0.2554127161538194,0.3356338508838044
TEAM,0.34870224310373005,0.09902797538905032,0.4742858596282403,0.3996340731991484,0.40700625543954083,1,0.16382690064472777,0.4673923219767432,0.15646826034484862,0.05231926562742165,-0.6849163017297341,-0.12533320708895881,0.35559641927728625,0.28587949403051205,0.34897708449750603,0.30894880372058775,0.3634980238079304,0.31233959806682987,0.13970737914176865,0.3396267449544756,0.49026921177945126,0.2789983868829676,-0.034434821478587986,0.3547993786340531,0.3612295711264159,0.3527999947490605,0.150436797848346,-0.03683229110770072,0.3119249580428185,0.20695319760075223,0.3116035471205487,0.16512353047424794,0.4665178625575306,0.08157317083732095,0.6828241395522493,0.057045436679869735,0.539214577294425,0.16176435277367784,-0.02646328494005678,0.30642182505514787,0.2517733925218302,0.35426808715150293,0.2111597435131085,0.3685367400795232,0.002317960027156025,0.23962831684886676,0.26735004572575244,0.2795283117893319,0.28106213460938406,0.11686705499390176,-0.06744384759168826,0.27340298398713464,-0.006370025088550689,0.3215622400047411
SPOT,0.4934663423332736,0.056474814873853904,0.4122078217488966,0.36544442570668345,0.33287555740502933,0.09386555406993809,1,0.3385723151724778,0.030257918075551112,-0.07000243818111482,0.27948258939200765,0.11573264715319963,0.3561659322617726,0.38859351962110833,0.2083144064700669,0.22133688533360346,0.3695366798577398,0.28083348362471544,0.19701979894144675,0.38569198536093247,0.39363550127172425,0.15508348660165797,0.4354350983119988,0.38960714492227105,0.5596931555673187,0.35906225562837063,0.13243716223562524,-0.11322246393111991,0.4888445330104523,0.1432229818037608,0.3958525791938936,0.19509226416423836,0.34067995343057283,0.14813639182107946,0.04482751845390439,0.08825892962451531,0.4765965315880096,0.24450795354374338,0.4824841869319481,0.19837251521777247,0.13681514048263446,0.23523270211219732,-0.14970107899010596,0.33748197761225857,0.21280825848160778,0.30447962615624985,0.3874495329861806,0.11726851212498801,0.26001710579595255,0.15242246763543899,0.32570743186331286,0.6829737348314519,0.3162088791041227,0.348260509404851
U,0.4735935304273685,-0.4678559914845015,0.3927798838895255,0.5400482761993822,0.45326014654625285,0.09938053128592193,0.20177795838685025,1,0.19192520467106597,0.28199342293934937,0.37061790203720585,0.2809940322384731,0.4918432324532711,0.19343297492267753,0.4272193228419529,0.23982477746796244,0.48996834821560087,0.13263853702909348,0.013820175372492203,0.34689811133082293,0.5138652118014009,0.0863078683632603,0.6226553509179609,0.47764129670810246,0.5547774808129866,0.54445481444014,0.21631012620149342,0.24374657456826118,0.2957512490056112,0.28968926752311236,0.4501007592345124,0.26208533945177703,0.45658220474896727,0.2373519617759373,-0.029049147424715625,0.14307302857189313,0.6560195986712921,0.24737089219280164,0.6712254262523746,0.34769744824864296,0.097892632909443,0.2227331491466929,-0.33428652925993396,0.5638993406417773,0.21786101764661767,0.3746560117444996,0.4903255637872648,0.23404813619735237,0.36248530915258187,0.26236261306897446,0.4209280875644254,0.20600304846520603,0.2638938419277911,0.2971262405101148
FSLY,0.14584145739773907,0.09386165365016591,0.5425142331491567,-0.06309182182036062,0.5366664618574623,0.08304485791771501,0.2731861600735878,0.551967989476184,1,0.7010217381814844,0.38353937970812757,0.8876803550542626,0.43987661865022465,0.2773828240477618,0.4813281290679569,0.2500979622941613,0.3427384407696807,0.3876525074249437,0.28589841370263563,0.3851658362866342,0.5757036016812155,0.40437493838653815,0.47175457173784036,0.5020954961034889,0.45166771841678355,0.3711850807306709,0.25574749085775195,0.23115799634940118,0.41246707738090094,0.0782435494873393,0.3880759291606401,-0.6843924508802821,0.4448941283338272,-0.3409166638577856,0.11778712680491721,0.13623606352275264,0.533033381962717,0.29176286370517174,0.5944708457603761,0.21088780055717682,0.1992364912491144,0.28613137103583475,0.19292839462688763,0.09334129921357125,0.31406083011660035,-0.20833802402606008,0.371620758206018,0.35808415085487066,0.3616464969721849,0.4174561079762241,0.4744653251035475,0.3355719816842755,0.2723535182679364,0.3178407650137502
GDDY,-0.10946964342023813,0.10142825337566802,0.5230220996457359,0.48052497537922734,0.5762133757856763,0.04599386223604207,0.28709437028713103,0.492261142569208,0.669589571567684,1,0.4662632186446588,0.8696070236319098,0.4459574114555934,0.3975976097557082,0.4848479669343462,0.27806489586192,-0.12452746425906976,0.3412108838378196,0.26359318546507077,0.37881894493014917,0.47981935852766494,0.128487692507452,0.640270233153218,0.574531502186269,0.47247674923744293,0.4014780839496609,0.22389531259791778,0.25092891437192055,0.4409253361087335,0.3217610404657767,0.5883390861111252,-0.425036785892912,0.5654372633540955,0.163542783862126,0.004574609602207601,0.20733865057155745,0.5354889505222391,0.29811113777135906,0.6423449706400992,0.36780315871052155,0.3723769719901789,0.2168158524920608,0.1334279409428352,0.46819035767085565,0.28603757005867064,0.4365933597161803,0.5432792871446736,0.3971900451058722,0.34628729971846695,0.3641564437951852,0.5002119806012998,0.239356922711942,0.23682447044376082,0.4360212924192482
AMZN,0.5002476659126067,0.04312974685221281,0.5098256565186982,0.44145030303767674,0.5068248482580342,-0.6804527558866362,0.2889826454613063,0.5541654226085568,0.16616388079998043,-0.012637972831796258,1,0.37466768715944126,0.535961601041681,0.3194269206367287,0.36676220880600335,0.29684511876670067,0.5431970321344912,0.359057679518532,0.2339846646210824,0.3532525838924777,0.5400005309869829,0.20919348547623323,0.47860756446804226,0.48601968398078665,0.5595516942230128,0.37560823888344197,0.32788013309264735,0.21908852823127664,0.34831672968956734,0.20614750346323457,0.482363242566923,0.21565830456329216,0.41694062207583926,0.14449976524837252,-0.546702636874019,0.12404506154848371,0.6001084872104747,0.2673079812926937,0.5753737075832206,0.34889842662844495,0.28259181008793044,0.43607553269426713,-0.0282237678761037,0.395860847432603,0.24382527776376908,0.2623560865236645,0.3524515008271596,0.2462625651700901,0.41390924139021273,0.1321490045451363,0.44741596361867186,0.2543160114525579,0.2738206603198936,0.3158338722440076
ETSY,0.4042194026375215,0.039724220074763124,0.5709863550279545,0.16880275776443035,0.5606863762542501,-0.28267194593780065,0.26424431433567425,0.48815223579304406,0.8576019726929063,0.4006203552801193,0.7336821242996362,1,0.5744875020944691,0.3098588827082359,0.4661079937505245,0.2790592126629924,0.604981239886576,0.19810136814828716,0.3390630976792317,0.38612856017396274,0.5573911563677068,0.2801189603206672,0.6060903551851852,0.4615020084166352,0.47102023002453786,0.407427436902352,0.20220384962531085,0.3177239780057959,0.3915470125594483,0.2263947086015045,0.6263967627861656,-0.5711299995547041,0.5470264326916848,-0.25101816467386723,-0.2657846376292405,0.15155093593707442,0.6541156251317123,0.3195513141588455,0.7213591962518122,0.33801928139850945,0.31506687431563346,0.13328727608886184,0.174788698099392,0.2857011990911588,0.5071153164169552,-0.0414827172772973,0.4746361198378085,0.29159055662071137,0.4556311570537579,0.3503459991197149,0.7101442904228822,0.33548752100722373,0.2375395219168892,0.3486548829789612
DBX,0.3747987002356014,0.047443605613864695,0.398600639978642,0.39230520290838744,0.42614898664964074,0.08840164104044969,0.2450837672033328,0.5190711374509547,0.1262957125786586,0.15336770338355993,0.41635596997959534,0.26532096133727917,1,0.21599413546158758,0.3563281738942599,0.2278633754790823,0.5236724073510796,0.14320434521386013,0.408893147791564,0.2493278436433387,0.3861493013303777,0.1398113487691935,0.531758602192878,0.4256435223449876,0.5348829409524235,0.3852366620992238,0.2722987523429672,0.1318986047480347,0.3711386007082756,0.36209490842520586,0.551970658027447,0.2678140444654988,0.45938917896971937,0.33103704899157294,-0.04660376608172551,0.18616416875759936,0.5701993553514846,0.11523738567192272,0.6255457843577716,0.3388221492528419,0.3363022127800284,0.32729902459762206,0.050597444659872017,0.5628166897656922,0.22050653130266637,0.2912500770469778,0.30750346877347284,0.2935121729288366,0.4027887700464754,0.3455250582522845,0.4661902604769695,0.24308565239928118,0.16644811235535534,0.4186258306925345
XM,0.4818673690658103,-0.000897583541690462,0.5233271488064754,0.2804149362253003,0.4702885229524529,0.16407372110667962,0.34089992779324657,0.34825700507840024,0.27762047294442777,0.09403134178925954,0.3535050709015228,0.3529926950009841,0.6140564344705419,1,0.4411679352033981,0.3479392770664515,0.573820711872734,0.25265193398808566,0.3582408378814417,0.281795901354837,0.4632009471577982,0.29986896826701714,0.6219017452648857,0.4594300955760127,0.5919261835959457,0.48665272956900546,0.275095985620144,0.2898726013487719,0.4639984616324153,-0.3189191195997809,0.607787855489198,0.043024724087134904,0.4219264139683637,-0.08925497205883805,0.05858765327798837,0.2892211705554222,0.6032705392985741,0.2649438388227922,0.7627368980136533,0.2805628468121405,0.05846005229386209,0.3646393338167811,0.0854277971229208,0.452703044940292,0.22526971413041966,0.15335733444238667,0.49301108394538073,0.09455148694090827,0.38791089790682637,0.31339631466930135,0.42657379124137235,0.212257803862681,0.2959415027880205,0.37626647189189033
SNOW,0.26966318694561625,-0.08525379810092072,0.36947444022785064,0.31733391880212447,0.4697460407651149,0.05349636595916244,0.22515905719542587,0.5511272440353685,0.282013519268316,0.24157018113938492,0.3734403723589656,0.39037994319578984,0.4024157207239962,0.37165555400219746,1,0.3280770946368009,0.47111924155582907,0.18857636609732337,0.5341279503912623,0.2205124000401458,0.4768346069987121,0.2194918692691868,0.47465424239515563,0.2129368034816085,0.3522567635076694,0.6356590760489093,0.008371287861456916,0.2368566758231049,0.4636095647610504,0.22136739851693568,0.3984676074709943,0.1494352059703876,0.4293129914910306,-0.03421473602838796,0.036475079625111734,0.1871317403987624,0.512569800004856,0.31658953621992236,0.5222686798503418,0.3244227509418278,0.304986252782837,0.11488933675202193,-0.012137589446520014,0.5567217381323867,0.31261579767387276,0.35303458301902685,0.6051164506317249,0.421965829304563,0.3980079634228072,0.48837562235527987,0.46364168105202513,0.2991195241777504,0.41303728742064233,-0.08348452848987144
SPLK,0.3844417420691763,0.04667720445534165,0.538401652721308,0.5373486895957469,0.49456263272436396,0.07025779158255399,0.27100285170623084,0.4826755786899898,0.13079481695376635,0.11470960089573008,0.511004658906744,0.28281932662867637,0.43447475893519777,0.4126152737502551,0.5641662089549788,1,0.44040661170879736,0.31104071935016464,0.3120406682656555,0.2979827133863286,0.601686964154649,0.2679654389197596,0.6399464438814653,0.48412366574774396,0.4724035066614782,0.5888090464464976,0.19121618035152593,0.30967993336514266,0.3535360236062361,0.2885691307239336,0.4638467041081032,0.3468122584625108,0.47742744931519243,0.32075736462196797,0.041828190873996245,0.21669234999241593,0.676418244801628,0.36752784355885776,0.6716420406908569,0.3494205433267245,0.3534174650594021,0.4650608154866277,0.06512882882864841,0.5113195482312398,0.36243690337957735,0.4659944820587735,0.40057470283878965,0.4032264909597341,0.6202418409286863,0.3230899910705883,0.5419296962838008,0.34624482679994817,0.20825298665254277,0.18460667123859123
CDAY,0.46152982225306066,0.058333918756893074,0.500854047373449,0.5672398020099877,0.5932544347142406,-0.09656987810893208,0.18057601943758733,0.5436855250450224,0.2880992840154594,-0.18844439911319422,0.5506133712455852,0.65913545178641,0.6264253906375022,0.3264417997903122,0.4257004429986227,0.2059961845497064,1,0.2723910262690724,0.37568203864063987,0.3845981748261326,0.4119987865578637,0.20310786888946794,0.645180745498006,0.5559718709109615,0.5215491399260758,0.4559863300213165,0.25901135777328854,0.29379044326445974,0.3045957974906194,0.3007234189954149,0.6250816833734639,0.04002576195061902,0.5704936041186185,0.36213195043758295,-0.11102270032244019,0.2173452125591694,0.6026111782877337,0.20660055704632865,0.6741023894471045,0.32225815392721446,0.4058955802200223,0.38720257812691816,0.07848915605970469,0.5533196657857566,0.2918361898287785,0.49761035213459254,0.5008075701231061,0.2679029723671696,0.3801973301524745,0.06130931410907396,0.5069087463231189,0.2129620621722372,0.32794078606201627,0.32583001408132395
PLAN,0.3763648808995006,0.05888304970683414,0.5717495102583563,0.5474988539734675,0.523433000050899,0.02725584675467159,0.2682936043839053,0.5848902520402876,0.08282064233110378,0.1075959215176603,0.5128253270343891,0.23095982990404448,0.5023053433130509,0.31710272456861843,0.43655319410009397,0.4732656882687878,0.47137196716878565,1,0.27593166090808147,0.4143763863616972,0.4888261111573005,0.32912701457413784,0.6722791359730932,0.5001132796322667,0.48630153877684557,0.522931526693355,0.20359725651533095,0.33078915123446606,0.4317335908466316,0.27422024168901377,0.5211802105673542,0.3763033921300935,0.5315573446999843,0.556003152968896,0.012245781000301822,0.17048294722671964,0.6841350593337583,0.22639425940803873,0.6793736493306901,0.36514812384020257,0.24029206507430717,0.6966227026350647,0.08711178616850418,0.5520672439559524,0.3646822792498787,0.4538150028895388,0.43351476355253193,0.30259462948497684,-0.0743997188397489,0.05444172301178516,0.4998149190963756,0.2538389205454978,0.12322355978116914,0.3219386407696591
CARG,0.0794206255758828,0.5409704029984878,0.337641758645589,0.21732910688921378,0.4643095278994992,-0.027380283436036962,0.2580939952348972,0.13085811304368256,0.12545580779547347,0.17726214466449322,0.36912519833761065,0.2029263489870782,0.6138929003360755,0.2678886947903303,0.6563550372169756,0.15376323988976986,0.3715660942604683,0.26152762503427557,1,0.13843303792192116,0.35980877129789546,0.2890342682731574,0.3638147486020724,0.17351188097022052,0.4429908583352063,0.536404687134734,0.12776701216077,0.15953255266253466,0.2807169001169425,0.3325198473126865,0.46938720168488196,0.23101479416560797,0.3896977240619832,0.1889443345556517,-0.07107386046262026,0.33267772149951474,0.39674771457689106,0.16056169617065114,0.574839507778472,0.2618167866577911,0.2782463707132281,0.2569980540571459,0.5139686298252957,0.4247753940264508,0.2017780745343831,0.3046980475170983,0.5382358707034935,0.3194091090065507,0.29780803484766927,0.31456750860498794,0.39696066059101687,0.0816291613839638,0.23977994671959615,-0.09422862364347291
MQ,0.37894407639118877,0.01204119707181349,0.40701996201545315,0.25440767783095763,0.3768515966536935,0.025491722554682007,0.3983272253570395,0.48794723315140764,0.2184126129795468,0.08863653330168583,0.3590202401256813,0.30960008512800974,0.4912755089911472,0.35286114165764726,0.4656717308065832,0.18490678319691894,0.41525090302254053,0.28348481646658336,0.2809016964453571,1,0.4841832618411793,0.1338195845390401,0.4087334578877362,0.4491539502287856,0.4646766353412444,0.3978256614181135,0.20112332118228637,0.2193044342358025,0.4451045891473416,-0.05284511605226315,0.5112831854053494,-0.007209770741921637,0.5121884421397619,-0.12115295866579251,-0.08437067561388194,-0.5458655998460131,0.47481367463047386,0.20249569502051806,0.6233190752391522,0.31844690917144003,0.1122226323525324,0.1704895529177902,-0.18638438440838906,0.24834639752075918,0.4469292573126871,0.06574747756838156,0.5336189905062687,0.13815351855227403,0.1889894998513204,0.24023313263639717,0.57669069782823,0.3426454237217044,0.08747026661893864,0.2601002481546321
COUP,0.3803576358168172,0.09934802295535657,0.5871056159843884,0.5044879181036581,0.5437690608253938,0.08431488795006556,0.18728134667439153,0.5937581356988476,0.25008456659349015,0.20398961177061756,0.43672345203566404,0.38172299877059135,0.410418130864622,0.1957583486268568,0.4221529037475588,0.36849501765214393,0.47434328201844034,0.5998373459552699,0.2649681374593089,0.3647214822560204,1,0.24327543581492694,0.5027440171455642,0.39765943492722533,0.453940500999524,0.39517746019585387,0.14331081626583939,0.255119701719366,0.24455906470659852,0.34833071137905214,0.48808959217367476,0.2353268744567616,0.5816141015210805,0.3189029303805681,0.06871725403926209,0.11528959065657335,0.6110762831428664,0.19102083376569323,0.6675750095771532,0.33897862422081765,0.37011913133448016,0.40547873288868563,0.06184960334790748,0.5319734678419361,0.6492728018091007,0.43281593554809616,0.3992643574154936,0.31800175434631917,0.2267930573204244,0.18921388329966643,0.6938049794237034,0.37006847475467425,0.24824371110680757,0.2600692242798903
ZM,0.35300210735283777,0.09832358297372044,0.5803104574610295,0.06403912732738895,0.4857349403657382,-0.0925431787767494,0.25129249646757384,0.43366117974343177,0.4213013555515545,0.20269369968965648,0.523648354462473,0.4398375289452336,0.33830032776330765,0.2825610722517487,0.52768703068818,0.32209641539548156,0.47769156273114544,0.351481190006147,0.3758297406259802,0.27845335063259097,0.5038902621668613,1,0.465016215704329,0.33299751335297584,0.4505323039469091,0.5694848594637888,0.059570900034434916,0.22722590032085943,0.29970471707220103,0.020420529167785435,0.3353890139904615,-0.2993177652899069,0.4963152870437573,-0.19897280996931002,-0.1910386468217848,0.18156104898350714,0.4638617698794727,0.2553964712005689,0.41056042320438735,0.3737717986134605,-0.032218164895919624,0.3949137903565903,0.06410591112437668,0.12321467796390823,0.3580722535139969,-0.13014242097915904,0.43790421986403605,0.22393842909780504,0.43059162917987026,0.13335932937804015,0.42740409292519105,0.29704257472155227,0.20636248787893785,-0.05244237071076498
NOW,0.43443629466909467,-0.011164869003521696,0.36218816116433755,0.45197963095046056,0.465651544789229,-0.038318804165750356,0.3031738390844132,0.5450137815773186,0.14916069356056366,0.16943467529111142,0.5093182646319302,0.2809970890092515,0.42835241714576966,0.28720097872274714,0.37680912335897837,0.40969355651668105,0.4580985330375812,0.20350330897067784,0.13430113025576218,0.3832080573006107,0.3393933859871043,0.13580306018198385,1,0.5334696793112778,0.4532707928938017,0.5186072720848839,0.2795888580830123,0.23573829155673778,0.38054268310233086,0.2449217289507276,0.48761107191852454,0.21710726761530325,0.5037163928449286,0.20107343832790187,-0.020285986932704274,0.006045678404320408,0.5713898614472916,0.22484090097153442,0.6753487733045935,0.3251180435568871,0.1877176347739417,0.353818756004098,0.11273303711428971,0.5213932403611368,0.13911299955343853,0.2469968860836186,0.41825547976309685,0.27618779526432163,0.36755570559769024,0.3549407879220067,0.36121848446266697,0.26467665290619924,0.11812717562927524,0.24040431340604648
INTU,0.3686408103134285,0.03210072027196918,0.5692575669505954,0.612779623944742,0.6076164571183745,0.13087329243586854,0.25000633819147927,0.4827474250445056,0.13213885371891917,0.05043576279573449,0.41614227053715813,0.3086995437281434,0.4519689836834252,0.26968852286781847,0.1806325655734914,0.30492284605065506,0.5677732489307705,0.27866075330315854,0.04258038645458274,0.3210043877339029,0.4242111239576536,0.132454018209377,0.6714032423767882,1,0.458882354402332,0.28428241712235025,0.18539148931893548,0.286019133727036,0.36313162125614395,0.31369091733471355,0.6089839206357612,0.27757285566977785,0.5097703146210864,0.2042701395039654,0.04241708026913313,0.1351929702061701,0.612297837576342,0.29515997451770715,0.6223650703811383,0.3526776942559399,0.33025760441045793,0.4171369460020664,0.11332074191472277,0.4170684468073821,0.3099807840695144,0.39808063796609106,0.41607960302953756,0.3078117456177909,0.3247901549373648,0.26488487254669424,0.4926141884068007,0.2766709817040634,0.15649862156229327,0.4754811776382554
NTNX,0.7985004418972074,-0.008158644282057865,0.5269466084675719,0.4956711945805723,0.43375127339774255,0.027234357991044837,0.3689636560336451,0.6176683188088047,0.1470156351696403,0.10240230468601046,0.4415501895172598,0.23832818262949798,0.6243155973651557,0.3965793352492017,0.3526197449311149,0.33642554444312855,0.5141969174836118,0.3272235935001611,0.3464321103829115,0.47533548190149943,0.523438973853404,0.27971508030824954,0.5872865981301466,0.42545038297935706,1,0.4698981796279068,0.32373312691529793,-0.4526313659206024,0.3835093306335705,0.23118700898939856,0.5272153732552352,0.29350610500856605,0.44853168159021134,0.19129671388188182,-0.07868030486728106,0.22241777716430164,0.6422543933417831,0.27640861510466647,0.7097703833712854,0.3152466320929722,0.21626857094547325,0.3498548583184955,0.09096564929252034,0.5433194467590918,0.30117948895659646,0.37349066405007847,0.3512693088954844,0.23677320527036436,0.4590815548613691,0.3367921170705479,0.49367291195522334,0.27187586396680885,0.21201459145034146,0.31853839293351743
CRM,0.39393668049523506,-0.10566574928531614,0.4725429307926633,0.4430602465221468,0.47878512324655725,0.096025468520027,0.34679382291783534,0.5754059996055841,0.1461369918882683,0.13314937460812823,0.41978000833240664,0.2511491374759063,0.4245439195641884,0.270813789942959,0.6248663816358081,0.3393319911035259,0.4156343232424213,0.30426527653891544,0.41437842428009625,0.27398286676905237,0.4179738310047143,0.3128647780614463,0.6352038861522487,0.27526158809695617,0.447967762156272,1,0.271964704508194,0.22527947644025387,0.3584346031006877,0.2948994650885852,0.3617545275676939,0.258985113070507,0.4911325776769982,0.16836048131731013,0.019935634221194248,0.2314180577646669,0.5731692701869611,0.299253161885008,0.6308648919717174,0.322137006363643,0.2803973822746163,0.32247946560852175,-0.0191469353712261,0.43392725285693207,0.3195964010187056,0.3973009034743049,0.41961600870316373,0.23485358495540007,0.3693198043752275,0.2766472604013047,0.4105051376654415,0.30739223729642495,0.26005558771974135,-0.1655374747253956
NUAN,0.21202213804387257,-0.12188300035062986,0.2127874115040258,0.17000360374175602,0.06987904929109408,0.07308041431866606,-0.039892100887260695,0.24741811184139723,-0.005556022017611287,0.04136101683275736,0.08782151934930393,-0.05661085121942456,0.05318336667326399,0.03410989220231589,0.14733998017606423,-0.1096205955042579,0.07296220756645125,0.16264064138821097,0.04781433389111488,0.173831988258048,0.06423504979317737,0.13790670139424932,0.2930961636997295,0.2368283542061816,0.21977725228493242,0.17235348009215773,1,-0.04888572247623307,0.29421857192343265,0.12938616693637725,0.19686700600936663,0.11366148460659668,0.320898150665844,0.022237932857407466,-0.012221934778211102,-0.02085488943165767,0.06023779738032277,-0.016934870022243406,0.204830192000184,0.027207952697661915,0.045173501930298426,0.13777330834639398,0.11720764328992646,0.22649894399240705,-0.018609815464729475,0.07008083224895745,0.1680006016704948,0.11098991741113229,-0.043444857082397564,0.0893629339529251,0.12379162591427949,0.04753315008297804,-0.009517786557730045,0.031844740463631345
CHWY,-0.40023225274985125,0.03039803612608266,0.6020002552737111,0.282888552358558,0.4327174785067402,-0.15884255149017193,-0.08012687460714521,0.4659069701738893,0.257937644772751,0.1308471617998463,0.537344798541919,0.3933828801333737,0.3296052435705447,0.2539669971023289,0.3410305331004558,0.16996772707900296,0.4727044296287298,0.22146201415941347,0.2529907890179617,0.46268377811107875,0.3797491193172143,0.2515410756805787,0.49358552784926923,0.41582838258805577,-0.3825278072405555,0.4303264662338116,0.07118317824809674,1,0.40039949866464364,0.2175904193287243,0.41108797966403554,0.0018318322105057693,0.49306648346291826,0.05880282766151538,-0.08802995529351161,-0.013600616469833621,0.5190908104041977,0.25322690274404513,0.6293307782758828,0.28182172492573226,0.18787905489389656,0.26479837010967017,0.10473783442055609,0.27540838511458987,0.24784549124557956,0.06542739978393942,0.4391819889841562,0.25414511189715844,0.3676294667233582,0.11908916739061139,0.3844665728596073,0.03983249678391223,0.267946453852716,0.21108610312298726
FTCH,0.37354850166414494,0.1270879427037856,0.44798521624064896,0.35593529716956096,0.4395165153542399,-0.022126219371925562,0.238050332815302,0.5055013304140633,0.3074737819949312,0.25618839332372767,0.4659348416180964,0.3966192806673604,0.5793176995534658,0.3131902719233136,0.3454243523816345,0.25995859666596394,0.5239356187530383,0.3574844140166736,0.3369511094975013,0.44539257374062324,0.4700707845857094,0.15331487416834105,0.5049586117885103,0.381818004713099,0.4763423701213997,0.409016531629114,0.16195028119344804,0.3203821350095555,1,0.21405127224484446,0.48410753676611606,0.100770525735243,0.3750341432363014,0.21508209845840298,-0.07002186858668573,0.09741281193752067,0.5002863526450335,0.25645419623329135,0.6845526528314285,0.2636971391108544,0.2716926373950807,0.37749495144749584,0.18959152924656253,0.43060796736752727,0.2738426763524686,0.30336988813857635,0.5227823787780577,0.25629022043790856,0.3760801416597475,0.10314992453214508,0.5290421959116353,0.23954234726478116,0.2012725431817527,0.3141796556068676
LYFT,0.39829633396160163,-0.047663106376268784,0.31678097110090375,0.4960083557525414,0.3391227879567362,-0.0004038072459713505,0.20395491661475715,0.4243063015079256,0.04034333953618244,0.15442657697145837,0.33056202066785456,0.11812389265698366,0.47351706000288474,-0.22142751855795118,0.48439000919041997,0.2027960453120674,0.4611952467561703,0.23331562732757247,0.3733139466385204,-0.03995489722448532,0.3545746160044655,0.006580729845258274,0.3221792917724064,0.37239089635384504,0.5121941487297695,0.36754636007957475,0.16733227152140742,0.11297260131943362,0.2515524504016669,1,0.481847165612567,0.4537118531732992,0.3312956719524411,0.2321854465575036,0.011929377464885049,0.2723876317079487,0.43293345260734917,0.19067572575143982,0.5787911158665031,0.3032597442378416,0.704966418314327,0.12415327715105921,0.09113763229819108,0.5663796530173693,0.23825364926069098,0.6331342224854628,0.47936043137729795,0.4576013037595383,0.3195544065310822,0.444475294414303,0.39567700535568195,0.1636199957567268,0.39805163018896117,0.2731009300163475
DOCN,0.36957360983734133,-0.05788917209430821,0.4200393663467868,0.4318650524966118,0.4548548277974238,0.01639543765713595,0.19475534231396616,0.37037467043210154,0.17109605295295532,0.0010292891399388115,0.3440388629990382,0.41489989997316623,0.5437958152832032,0.26904706070248763,0.3798119460964578,0.29779293027018294,0.5716274470938791,0.18098472772062923,0.3330926878418152,0.3448697419873572,0.29321371855590644,0.12478719319347151,0.4841347098891756,0.42405183476738567,0.4020241602673554,0.38823505184607315,0.08150404394116309,0.2168669663427079,0.4196932873015778,0.27499453798406104,1,0.1584476083255339,0.36180151507465114,0.20826007055272996,-0.039137075282213114,0.09524743319560955,0.4479910239787374,0.18306178010677598,0.5365853337914929,0.31610439896081655,0.36514215261768573,0.2021841184940177,0.015336357765391268,0.4390557008448288,0.20508279797335952,0.32333249617680737,0.425405989631174,0.3940507361755122,0.3118812719936951,0.26670330318072727,0.4007487112501325,0.20405284952459551,0.18064568203087503,0.2709306266496478
DDOG,0.5410592623997784,-0.0337198436927015,0.604926292101412,0.747193998302691,-0.15014646846353982,0.15854621065813918,0.23199925878123512,0.7257269037677458,-0.7034569691176883,-0.401730871330032,0.3899677634197931,-0.5663475872236559,0.39156891250475073,0.014070943378783347,0.42423569508239883,0.2038499684478236,-0.06881060461914566,0.26567118901357006,0.10815700812898732,0.05150676349993659,0.5397313776040501,-0.180193990215141,0.6000486197338185,0.5098998421944879,0.5867840419280733,0.5173575870126366,0.29691773512883507,0.25976058468970986,0.30127168745884025,0.31104689291490595,0.5349400198590916,1,0.5112354453617609,0.6939181876213957,0.1083803624322647,0.18117697992213497,0.708393994226882,0.3525677948364009,0.6964062215117663,0.4022916764094281,0.16264491628977645,0.3436221055234937,0.08658905289074573,0.5689581674121882,0.4223626172377148,0.8861037956945432,0.36900685143154693,0.2304303137451724,0.4214058065885538,0.24944181726733536,0.513895817978327,0.344564199693292,0.22887981476442756,0.3587398314341337
ADBE,0.4126551528325285,-0.03427040779164217,0.5919905158872805,0.5185344815108138,0.45786602501884494,0.1061943481655335,0.2582680432812195,0.5455222973449994,0.17982310097308363,0.22568138533900337,0.42741139089561375,0.3353561996549745,0.49682762454708995,0.19118118831338682,0.3494590666276429,0.3406314321419117,0.46258328843762275,0.23229964155740473,0.17170645533192486,0.31479525393013436,0.4948795703047248,0.1881857565548961,0.7150157956674636,0.6328400706875424,0.4619777860111209,0.4809598937336747,0.2890802142200262,0.23092857019888138,0.36586701762377155,0.39135069703183145,0.4921937370360362,0.2593385749950659,1,0.21606612273815493,0.11829906557877096,0.20687003592122652,0.5949721748478043,0.26205323409883463,0.6402601285462167,0.31603063436541634,0.39490763537617873,0.3483506894332657,0.10315304697524799,0.4612619237991671,0.3871148237961411,0.387685317298002,0.4489628421245158,0.34108555888416225,0.38509014968575683,0.38371938102843783,0.5980982003997531,0.32268589342384923,0.20194476053462596,0.36504119010392483
BILL,0.41353669868818815,0.012820965992084847,0.580456514252018,0.6929189905042078,0.486923730289228,0.022205316896938835,0.22848462016585427,0.49015108748266145,-0.1665595330024483,0.06704372529499406,0.401919656694007,-0.0005452327313428404,0.3955979624715069,-0.04686991463806194,0.37237057257135847,0.3152449574481014,0.49478613472930294,0.22496154699356088,0.1412649746077756,0.14040657518035132,0.4280251186802228,-0.04966052174028279,0.6021363723124163,0.5197356795963862,0.3596857780987941,0.3820201611395772,0.18719090260600932,0.24978009220942077,0.24897983137548368,0.293704223072862,0.415424251576847,0.6970040347886469,0.4628205540723977,1,0.045100462665657405,0.1311469214721137,0.5215269135422358,0.2290349348950828,0.5570860808595008,0.3558250155302045,0.25272971215536455,0.7766874388471201,0.03961770383949564,0.5121719140272762,0.3285697252456841,0.8221448014107909,0.2547853466842765,0.267635412891404,0.4214827980341983,-0.46095278001030965,0.3888108779529865,0.24095346398010592,0.1323352533107363,0.321286990822079
CERN,0.146293603073024,0.1272571326402658,0.2841113939513734,0.13076489465258248,0.25495302806592185,0.7073653788490084,0.32156854145246644,0.047007254644327263,-0.03392061430079833,-0.03929617159655306,-0.5374760165523951,-0.2046205591028617,0.12421460395832402,0.22199804091508069,0.1553743941886188,0.42377616746373087,0.05397604023938341,0.2217781131926988,0.13803716798992688,0.028936207892598455,0.2849590770620124,0.18679830547385887,0.1318439517310647,0.31332544399961326,0.18703679476486718,0.10531335739440816,-0.0269920665969689,-0.1295365689500727,0.2637250854327656,0.05912856875880173,0.19774299780360705,0.15079505349539418,0.18212441972067198,0.10738396870648972,1,0.18112991163846273,0.16816163355703817,0.006408116174789277,-0.015145081588787765,-0.07528109408658976,0.3103822905972359,0.19083232672196357,-0.007389733991529733,0.1002243759960844,0.025954589786499543,0.15410499448749407,0.13798421452379728,0.3106992114315092,0.18697404376327947,0.18990173937746224,-0.023875379685761096,0.2660111488388367,-0.09677349901974917,0.1569873739909424
BMBL,-0.027136333634922308,-0.08459951858044909,0.5164751712127661,0.04451690861219196,0.4486402832783753,0.04271602396339782,0.18108835447006916,0.5663049772242389,0.18478641077594604,0.1437857072321889,0.3865009261812252,0.3107683873167108,0.5980242758077875,0.3545368836202324,0.4229885852828548,0.22496661816060878,0.540806909756584,0.21719866375494662,0.3044977134331963,-0.38063700236822456,0.39263442123629627,0.15538833417042475,0.4925048697597561,0.45712277083164166,0.5423789707422917,0.4133598028971498,0.308873220226064,-0.0031314513340157325,0.3920274195907171,0.2988893381880426,0.49692755813165296,0.2446792995428664,0.447200949494497,0.19628422314905647,-0.026430915935068477,1,0.4544596707865041,0.1953370936475251,0.7278594399077586,0.3935524538689641,0.3731191546314776,0.3362446560257542,0.09002207039760286,0.65202689378517,0.3293057050593463,0.43420380536791303,0.4987214344033828,0.2696074730305787,0.4050662516519741,0.2810124429242266,0.5262196707361081,0.22994921457368062,0.021127991404975125,0.4380879082032204
ZS,0.3948883723978642,-0.037292469755076114,0.5967752576929242,0.5636519384723913,0.48367018402092765,0.1367194258659383,0.3209494638358938,0.6279836458019672,0.17324310953084435,0.14018867902026635,0.4018289425148918,0.33606440219146877,0.47850385560007536,0.2900413637736305,0.3613624063676726,0.2526095525296446,0.49177323310941196,0.14231433088567735,0.1478632199727371,0.37063022513834404,0.4695801162491356,0.2509744172600789,0.6295633153151595,0.5021544901979001,0.4443737494131576,0.43646729719591065,0.1786426697628291,0.3269685116530065,0.3073347448526577,0.290401534683715,0.46732609879360487,0.2863502306808622,0.4845188607347373,0.3040108702455034,0.07727341851571518,0.07054706900666124,1,0.5706294992388945,0.6794708731407595,0.3277307284735763,0.2957503927971593,0.32230318584437606,-0.04206816855968863,0.5334889421515149,0.310939123772724,0.34757473994518623,0.36189690652476875,0.2555043838150177,0.6447529563962111,0.2950398244616168,0.440514475241887,0.25056421986701216,0.1735751170907689,0.3344798017480933
PANW,0.31691508291306175,-0.028375416407293325,0.4315366881880558,0.4672397490267002,0.5112468276546515,0.14072620259291713,0.3778778004037035,0.49789999093528264,0.1044400259255761,0.1529508013317809,0.3033848231071882,0.22114746490598322,0.29706401226404483,0.35231894957814297,0.3509327579671642,0.10464620631135395,0.4312497473015912,0.004693052039255282,0.0272073661165073,0.38481090858882216,0.2819649544747741,-0.008817096414445318,0.5849790963516716,0.42302151386985115,0.4419936476055629,0.43525489294226904,0.26072168043847993,0.2497184539406016,0.4100206774104333,0.19577095365091682,0.46819028899477627,0.2275828317250604,0.43001758499161763,0.17725172674077486,0.06092970369522694,0.053425172102461616,0.5450165251026257,1,0.5213484395470647,0.13266581374130698,0.20986095108786645,0.3183221530664242,0.002093550935137599,0.3692398083789993,0.2861978049944763,0.33100594313806536,0.33731462055634903,0.12779689088978757,0.590227866104092,0.2624795660098496,0.3963793367545277,0.2634536466392153,0.25829203658434524,0.24194026501363092
SQ,0.5583292427741607,0.07407221832760214,0.5172566092801274,0.4897854486961365,0.5967428312305486,-0.0759092746661287,0.20622608315328803,0.5886664085633431,0.2162597792994526,0.12676055824035884,0.5889939077970667,0.3736662525029988,0.5184179562212218,0.37660232405245564,0.40516871575815344,0.2707168570876062,0.5025852714508109,0.23599767860057377,0.3166784892164433,0.3898106268423405,0.47635952115853536,0.12135944916369915,0.649302244154635,0.4971633873426515,0.6160138083516903,0.4399845045547947,0.1846387892700559,0.2176488419655042,0.35358542686804906,0.26992343606339786,0.5423842752679732,0.22048854188703912,0.4295218924934797,0.11462001161377042,-0.0929435798992641,0.2331868806432376,0.6324593592351503,0.26438600479695207,1,0.40187762167086716,0.2783845445506463,0.21820512689762242,0.1591669594801073,0.5079436566157655,0.18524708810331802,0.3362105105548954,0.4382963454651997,0.3724127992106555,0.38346199507674256,0.3125988029738481,0.45813369975868745,0.19942479327553206,0.22808469149193095,0.25399008738956863
PD,0.5050039746099519,0.03190858986688576,0.5138211050843103,0.4879922603020907,0.5166384974554404,0.07155374602984145,0.27072352859167703,0.5882340463026411,0.13338875849277715,0.00010490184251936106,0.501349616442193,0.3162918898860042,0.46452299447031153,0.4043147141141784,0.42268445658633313,0.4312845714655972,0.6122390004535132,0.4253071978992109,0.31179333933970765,0.3575804939378874,0.5572521671876419,0.19189711488522906,0.6108571687914948,0.5213175099960962,0.5634457765078587,0.4787651152786441,0.2152929801294008,0.2422910835084445,0.2939537251921579,0.28771892306893343,0.5673807346488481,0.3099501864416834,0.4799982752216828,0.2800158892198807,0.005167819027190395,0.292417482065084,0.5594161726153499,0.2812431842097854,0.7374755452038994,1,0.347450752138517,0.4569101533502308,0.04319294833363967,0.520416177880833,0.31404868583408285,0.45118595271358203,0.5253683474239146,0.2871579514469172,0.4191444691380968,0.22127557041704995,0.4849120700826549,0.3053702784538307,0.2658502434778615,0.25589791666538575
UBER,0.3669155165620326,-0.020819878511102438,0.3306207509320762,0.49372196090987824,0.47150582443272016,0.024229342139307577,0.3323332294848383,0.23383119418311638,0.25245042930961187,0.25445970666784873,0.33766355725930997,0.37762746611166775,0.6186700422826469,0.035478534482356924,0.3854580371954736,0.24644319570595719,0.5729284781888532,0.40217978527681486,0.34979254288620226,0.029013078182418897,0.3013273130378408,-0.09603107749957153,0.35906033431603346,0.3822475556534262,0.4709428208359284,0.3951973313919855,0.1727818767378874,0.17163320328438073,0.3604759963246997,0.7775786814484427,0.4866302184995057,0.2758534186242883,0.27350453693939725,0.20033845814533646,0.20381991367894628,0.3466317268336995,0.4153060457098579,0.16376265773287016,0.5683424467635793,0.26423461346831634,1,0.17256502669880683,0.04696522545431388,0.5507526770202048,0.17285725680787603,0.6277079854398718,0.5150771740497171,0.39951954880305524,0.1928509160140232,0.3213987488889167,0.4120310381226856,0.23675974844093392,0.26321947210889124,0.24186873194577452
WDAY,0.294864555355498,0.016180641981088775,0.4755075527510365,0.43873876316234506,0.477069210501836,0.10632595363001755,0.1124334558274664,0.391378764048622,0.22084408365981484,0.1823360144525032,0.3947691429752337,0.28470553584814956,0.43808662447445096,0.32720636362095584,0.4001241008990572,0.39389082118850843,0.4100828384137358,0.29934116260718285,0.2158757149800965,0.26390306901809024,0.46013602004814735,0.24107736244892294,0.6477203957423084,0.4252077252735395,0.3728625193093217,0.468226173601757,0.3134158141302646,0.2668782109254493,0.2889685607876384,0.18609511642392385,0.3625808294599253,0.21478041882574303,0.43786996025384295,0.6107679804148148,0.104631400039059,0.24538484190122728,0.5036407561671463,0.3622727304588002,0.524005687670603,0.3089920064179821,0.27021582182104165,1,0.09868049330845176,0.39936427928579094,0.31339983573083585,0.3915099295385724,0.3146308294488533,0.281006308182647,0.3901571091220255,-0.4267940149758652,0.4702763394678424,0.22691148899620667,0.08270737733579495,0.2615013632545689
DASH,-0.12082289603278429,0.8901723235829615,0.426412961685364,0.19668850179744937,0.23812761399248814,0.04417404586803239,-0.12047652745898027,-0.15083170976367488,0.2601208446834094,0.17025202371258877,0.3038006577407906,0.3287863019385554,0.43399378398590266,0.19778578511453093,0.31980082759311307,0.10946091464917222,0.41606015590854495,0.16036421424214486,0.4728607329285038,0.3268383304254826,0.3274807957313092,0.1771838902216766,0.4400221377413875,0.20144854982912816,0.42851660834496813,0.4287199488772049,0.21066826240322234,0.2988627510521039,0.2906153059064797,0.32199919668979915,0.20707577665772714,0.04909636778313963,0.41201659477376273,-0.08991060716655933,0.022902382663949648,0.07241866348277541,0.48042493749345205,0.220802788047015,0.5642338666365797,0.20256684822455712,0.2851832464651069,0.0269915687388402,1,0.11394979989282628,0.29397414796268806,0.17889663607010123,0.2833303324450196,0.2746645540815628,0.3215689709714172,0.41553416437908297,0.4435882380019574,0.0049855603064447905,-0.030270892925837848,0.2631604992412001
ABNB,0.3661181467091756,-0.09408923422109859,0.3542279321206251,0.5723149610357088,0.47559088980423564,0.006366229178448546,0.21615502349450808,0.6020968025967921,0.11491241925667162,0.3469035138295624,0.3664209308958439,0.16693095225532187,0.5007946555484989,0.22469403339622626,0.45773269539181555,0.21572906039196002,0.38766453341595564,0.19980932545100197,0.24642042698102962,0.22400439515270498,0.38357283422081195,0.049612559723210985,0.5130548006292039,0.29035271715055033,0.46469076597949865,0.36351335647864996,0.2428290792999832,0.2535788770978216,0.3156379130443962,0.33271546424297016,0.4989171192322724,0.4800096411280906,0.39001345823187733,0.3413093161540162,-0.03506871034924914,0.21887925320393634,0.5186816580384677,0.20067880567960117,0.6676370471581109,0.3867879078496255,0.40355828420394846,0.17710310467105,0.10368678205056928,1,0.20683268575509636,0.6746231134641143,0.4872398774579289,0.23625728889767647,0.3780669523033503,0.415007846488652,0.41050174869594236,0.29291921985675473,0.30913682281947263,0.3284201651575411
TWLO,0.47312188475705585,0.10802635199334744,0.6067586944131583,0.515072355157677,0.5305458821736674,0.02714766161730858,0.28756811908898083,0.49564542871818407,0.31906900721889764,0.28999387669567617,0.47175668409005145,0.3109915881261629,0.512738085389457,0.3990389041591807,0.48256930733892694,0.3438213018407642,0.5415790119569224,0.21299930681626558,0.3260570224545843,0.2744220843750218,0.5442249262343727,0.31034025254236836,0.6140432759031978,0.49780894965441497,0.5466647557321824,0.47059854971146653,0.27666851470603937,0.14357298107532165,0.324115933521357,0.3113091375817265,0.5019438385186011,0.16433926472567456,0.5633297032832281,0.19354857744661574,0.15607625941745526,0.2554398819512971,0.6067558113991802,0.28377920496562214,0.709644804168809,0.32451538196853874,0.42609216325317284,0.3742958995467309,0.1392494741482,0.47024701150082915,1,0.3967674302979652,0.526656945880953,0.33118808476466616,0.4710885040637755,0.33645517218649046,0.7774227958984975,0.48452822767102094,0.31139577311923383,0.34590226473957186
BIGC,0.3702281651202753,0.08241970273280634,0.5910555579947484,0.7389094795309259,0.5045327353364438,-0.03233703362362907,0.3399760176407986,0.49350261615207286,-0.09399524182866378,0.21686653015459487,0.46121942854003123,0.03719113974977929,0.23741515740589697,0.07931472773441502,0.48719501914534646,0.194540538496487,0.49551919696663743,0.30089121569471144,0.22691119316519046,0.14878138916565248,0.5274586665937556,-0.0730828233364955,0.5124525942692386,0.43893616179050915,0.5324253892740068,0.5048822523675963,0.21383579129425986,0.20963733650721977,0.4085695788488027,0.38624232418840837,0.5144337967646321,0.6793796905841756,0.4141712324721858,0.6424429681366837,0.008805191043170254,0.27216225875485855,0.5631060554278821,0.3212354368794975,0.6470808753090366,0.3484116935053,0.46299381405032175,0.3565229712167893,0.19985660696881097,0.5992721282025927,0.4173305544827718,1,0.5260305144006882,0.3148342183231858,0.3641661105932921,0.3604607881263078,0.5785463275911976,0.2763066576688761,0.3065823635942461,0.342002350538134
SE,0.3158528468903801,0.008996710106183976,0.3384613514221868,0.36374685354238234,0.42471126784511537,-0.10798584604846581,0.23381559379701805,0.419832622506171,0.1995559204462155,0.20482177573745639,0.42932919753385784,0.3365257557876138,0.4280995636103418,0.318338120982424,0.4120422435797558,0.23479665395450222,0.44146320221976376,0.1774342173556865,0.2965914184987905,0.29315371890894226,0.28425609608574365,0.04587216641846481,0.48803609075767623,0.4117802684422331,0.41310914897762585,0.3169905499531066,0.049287109856000245,0.2411628606784674,0.39118089382681526,0.2943393319755789,0.48259036344359485,0.16343345298737214,0.4602222638704282,0.04140721815974073,-0.14828083141558884,0.2150582264632964,0.5215405907595518,0.2596010375755448,0.6110299871810222,0.2645696992623851,0.33239270582441455,0.146821368681689,0.12401316367019871,0.42568569325791894,0.167041211455613,0.3154696309241716,1,0.2584663147459037,0.3537121301533069,0.3456134185224246,0.3691903417969614,0.15271720853897205,0.2982269414708501,0.34856278106776056
AKAM,0.2535713886297387,0.1969529772891833,0.43103350713304356,0.3715123986983231,0.4394258970108707,-0.04790949313310482,0.19506790053670128,0.3485237332233888,0.10827450503795573,0.07799527764327724,0.517096776368759,0.29333166290181073,0.49729029289678106,0.0786147483139331,0.3369155128380871,0.6235653736945056,0.444692451635426,0.2657584067776522,0.3430555087330191,0.10043012409027602,0.43432694620808077,0.10908117140850698,0.5411720654611102,0.4580508312465445,0.3875419719459346,0.28430810330506173,0.11641242806831664,0.20039848173139646,0.29647463411788566,0.6014955647434906,0.4650943280237504,0.28542988989291884,0.4258534534198839,0.1721576583066732,0.05788021460490908,0.17895585380703954,0.41817353427035286,0.17259738580959674,0.6097485301287953,0.2328846361093443,0.5190456140181222,0.22559054093693426,0.17915071719583184,0.29066642319642816,0.13232832536660463,0.37537039362807556,0.4266243034856317,1,0.4601741777132572,0.3595466502650689,0.33316727612003666,0.23292761185900862,0.10256521435139135,0.2612776501431319
CRWD,0.40664512194818603,0.043719103128113994,0.6340138653006948,0.450820082874964,0.4320604432833542,-0.03239995439687793,0.24852977722676098,0.5257250241605192,0.13576769099380182,0.1330653315267102,0.4843874618991531,0.2959710210159205,0.4278150016322532,0.2829103212200598,0.3029111499055342,0.6984428359316212,0.3831942003767378,-0.09653506147783333,0.21932922361524687,0.2839947702189098,0.3734133858966419,0.3889608859910228,0.4710866180216244,0.40393942845815195,0.5267301704048102,0.4117489672672547,0.2945473436531201,0.24349750604557246,0.33337997626152877,0.23674968870303698,0.35322319663604695,0.28750801660301684,0.46910754992775255,0.2694347549738431,0.0343354205080921,0.11335322180892715,0.7650791222998038,0.7080736327030696,0.6256859886732025,0.31732979770409914,0.09390400461011399,0.31457871676523486,0.05731417862398362,0.49197428190579917,0.3736189635001138,0.34671416734348276,0.3755788178899299,0.37821427675265623,1,0.3271101977770162,0.4708753567217747,0.23752505050165398,0.2685260327030676,0.30789163542198494
VMW,0.20364664367262575,0.017712446194797636,0.4170068528920761,0.45782840687081555,0.4176826449658112,0.048987831251725206,0.2923328037079959,0.4628968234788772,0.13392750668372688,0.3936930794502166,0.31006470688396576,0.14424716323146558,0.49605028035904997,0.36981124332999066,0.3686597180263835,0.4014904947908145,0.20497588042510462,-0.11390107424786715,0.24184534719825218,0.24886401405985092,0.3315257938622746,0.10181151699649231,0.5402683362193108,0.4888614751644691,0.4607266073803602,0.42627105711191915,0.1763161212290749,0.14586841470764583,0.2509119201780788,0.2867720816590002,0.4798351870229743,0.3736063376850491,0.470630408530733,-0.29042605823904655,0.16330970221496885,0.15236536600094913,0.5258208158827968,0.19100247283580923,0.5220238422767257,0.29466405351684244,0.38468878311756427,-0.38449277007414046,0.027219897307563894,0.4873624187932469,0.290968814103644,0.4613951396942562,0.43429378069262903,0.3597985926943874,0.48188669227306685,1,0.3947810900432168,0.2802487878411922,0.1061609803351835,0.2943951018326971
EBAY,0.3319595941095586,0.09301062366338902,0.5259138373633367,0.5213493424610207,0.4910727105544303,-0.12093135351975527,0.2132377831811335,0.47985208109898175,0.23916722053701808,0.218270114807792,0.5939364321715899,0.41962814552518246,0.5696230255198097,0.2937951693231602,0.4689963647015174,0.18221940506814355,0.5149726351241509,0.2672934499968148,0.35653278052379245,0.3908248840296941,0.6151987515021663,0.17297390957349462,0.5973471457974037,0.4805827184879769,0.47977080868633853,0.40284112269970385,0.16794846385194825,0.2713783510661578,0.3383142379225443,0.24745446387297484,0.5610253790375126,0.20486548837634558,0.49435643722594447,0.12457256931851055,-0.1573924875142174,0.11854087211969867,0.6360667502283913,0.2856283952887196,0.7276559957910024,0.28242591820005886,0.34484539799459213,0.2388743954092768,0.2100342685403107,0.49190773258632425,0.8024119550802936,0.40087494124998985,0.5556695199967592,0.267739177728169,0.33046377103268193,0.3808886973608342,1,0.42818076375311226,0.11447464327352251,0.20694775208100838
TDOC,0.4160277620842995,-0.15590494186215745,0.6621239199167848,0.3267967753171007,0.40462666802897634,0.0019383351318866854,0.5790405002725362,0.6294007439089531,0.23394123359386731,0.1793576023597275,0.45772557325684793,0.3194001891055789,0.5138819311080847,0.3806044668853602,0.4886764834108392,0.36210707856281193,0.4272366958863385,0.26245885986404116,0.24397805731240224,0.3870984018759481,0.6168807987047625,0.26843120574233614,0.5990566773823298,0.4503452909867335,0.44126915906715286,0.48918018944736974,0.1704046844202714,0.020872591005774977,0.4589853489498329,0.20803758862014526,0.41928753822561415,0.13023082954282275,0.45179258350505386,0.0649093214216785,0.11309617495130572,0.22242642561995465,0.5857663612828828,0.25000023157315393,0.7295732148384488,0.4197961621154213,0.21185985244005226,0.3074539786779629,0.02491233828916897,0.42580242793745277,0.7873405576484958,0.2527276423367823,0.4266682739503613,0.4453251959348875,0.4397253783509554,0.31092268916003846,0.7803850072969998,1,0.24940719818424192,0.21350087386819322
PLTR,0.4601230768559775,-0.21381445951322564,0.5267308822012474,0.4497243055155681,0.5158090057415072,-0.0378532847991597,0.3280439440158604,0.5531405574323974,0.26016697597201477,0.19811991983909427,0.5058167282137812,0.38411560320133353,0.5018006063794085,0.351596542594426,0.5076987350248944,0.24268715210784628,0.47931612125587153,0.2583611696417837,0.28310307700867726,0.09708508710242257,0.5020691165935444,0.08452146908505559,0.5016103488169446,0.14012470970188048,0.4718438016446181,0.46730324280276053,0.04261387790499844,0.320761343207535,0.27973365867840344,0.2624636492937761,0.5480122109373202,0.10989578115068577,0.46516072890490306,0.14264507342415322,-0.13024130048765747,0.11511535161303324,0.6030653615687932,0.26677023509237924,0.6988428748658931,0.37856772505039454,0.30765608612482886,0.2826956767178724,-0.17168252094277933,0.5297123267801784,0.23400485665191273,0.31106008721812295,0.5883800600297926,0.29857866496707625,0.35704674131902536,0.21906132580839904,0.41161488436376836,0.24036803046388822,1,0.28975047475325766
BOX,0.20826621523663863,-0.028457793890917935,0.30683251349456203,0.39575241408823875,0.43161839765069776,0.040471497242246766,0.17855997471303536,0.47525629004274234,0.12021352336595505,0.1889507442600105,0.3305793874675778,0.27948138186089044,0.5347879927722421,0.18163068392132156,-0.04435039447899625,0.26693272422367675,0.43065978664693677,0.20116778568045565,-0.0946009938025061,0.18965829376404048,0.4264513294167314,-0.09126358094753519,0.5049133368455527,0.44167828900029305,0.41957274944896666,-0.08454472461176793,0.15488196080634167,0.24779420577576036,0.2828050693155037,0.23019357237066804,0.42133870401475493,0.27414631520208227,0.4861413558986613,0.13067186956782678,-0.04027100154712493,0.269170699020167,0.4487316371908795,0.12345816426588979,0.4133928028585305,0.29160080315582076,0.30244708010833654,0.1419029395593457,0.018973903358750373,0.5338211062765245,0.23676680157022892,0.39405560095492487,0.3661143933800273,0.23568479300030656,0.31208455162384435,0.42554850576207015,0.24661034747899424,0.10303419323603265,0.2226269381541999,1
